2024-09-05 12:35:24,884 [Worker-1: Loading available Gradle versions] INFO  o.e.b.c.i.u.g.PublishedGradleVersions - Gradle version information cache is up-to-date. Trying to read.
2024-09-05 12:36:20,426 [Worker-2: Importing Maven projects] INFO  o.e.m.c.i.l.LifecycleMappingFactory - Using org.eclipse.m2e.jdt.JarLifecycleMapping lifecycle mapping for MavenProject: com.sunilos:springboottest:0.0.1-SNAPSHOT @ C:\Rays Software\Workspace\p10Normal\projectORS\pom.xml.
2024-09-05 12:36:22,673 [Worker-2: Importing Maven projects] INFO  o.e.m.j.i.AbstractJavaProjectConfigurator - Adding source folder /projectORS/src/main/java
2024-09-05 12:36:22,674 [Worker-2: Importing Maven projects] INFO  o.e.m.j.i.AbstractJavaProjectConfigurator - Adding resource folder /projectORS/src/main/resources
2024-09-05 12:36:22,675 [Worker-2: Importing Maven projects] INFO  o.e.m.j.i.AbstractJavaProjectConfigurator - Adding resource folder /projectORS/src/main/resources
2024-09-05 12:36:22,675 [Worker-2: Importing Maven projects] INFO  o.e.m.j.i.AbstractJavaProjectConfigurator - Adding source folder /projectORS/src/test/java
2024-09-05 12:36:23,016 [Worker-2: Importing Maven projects] INFO  o.e.m.c.i.p.ProjectConfigurationManager - Imported and configured 1 project(s) in 5 sec
2024-09-05 12:36:29,903 [Worker-13: Building workspace] INFO  o.e.m.c.i.embedder.EclipseLogger - Using 'UTF-8' encoding to copy filtered resources.
2024-09-05 12:36:29,908 [Worker-13: Building workspace] INFO  o.e.m.c.i.embedder.EclipseLogger - Copying 1 resource
2024-09-05 12:36:29,962 [Worker-13: Building workspace] INFO  o.e.m.c.i.embedder.EclipseLogger - Copying 1 resource
2024-09-05 12:36:29,989 [Worker-13: Building workspace] INFO  o.e.m.c.i.embedder.EclipseLogger - Using 'UTF-8' encoding to copy filtered resources.
2024-09-05 12:36:29,989 [Worker-13: Building workspace] INFO  o.e.m.c.i.embedder.EclipseLogger - skip non existing resourceDirectory C:\Rays Software\Workspace\p10Normal\projectORS\src\test\resources
2024-09-05 12:41:59,396 [Worker-14: Building workspace] INFO  o.e.m.c.i.l.LifecycleMappingFactory - Using org.eclipse.m2e.jdt.JarLifecycleMapping lifecycle mapping for MavenProject: com.sunilos:springboottest:0.0.1-SNAPSHOT @ C:\Rays Software\Workspace\p10Normal\projectORS\pom.xml.
2024-09-05 12:42:00,150 [Worker-14: Building workspace] INFO  o.e.m.c.i.embedder.EclipseLogger - Using 'UTF-8' encoding to copy filtered resources.
2024-09-05 12:42:00,158 [Worker-14: Building workspace] INFO  o.e.m.c.i.embedder.EclipseLogger - Copying 1 resource
2024-09-05 12:42:00,173 [Worker-14: Building workspace] INFO  o.e.m.c.i.embedder.EclipseLogger - Copying 1 resource
2024-09-05 12:42:00,176 [Worker-14: Building workspace] INFO  o.e.m.c.i.embedder.EclipseLogger - Using 'UTF-8' encoding to copy filtered resources.
2024-09-05 12:42:00,176 [Worker-14: Building workspace] INFO  o.e.m.c.i.embedder.EclipseLogger - skip non existing resourceDirectory C:\Rays Software\Workspace\p10Normal\projectORS\src\test\resources
2024-09-05 12:42:37,965 [Worker-23: Building workspace] INFO  o.e.m.c.i.embedder.EclipseLogger - Using 'UTF-8' encoding to copy filtered resources.
2024-09-05 12:42:37,966 [Worker-23: Building workspace] INFO  o.e.m.c.i.embedder.EclipseLogger - Copying 1 resource
2024-09-05 12:42:37,969 [Worker-23: Building workspace] INFO  o.e.m.c.i.embedder.EclipseLogger - Copying 0 resource
2024-09-05 12:42:37,971 [Worker-23: Building workspace] INFO  o.e.m.c.i.embedder.EclipseLogger - Using 'UTF-8' encoding to copy filtered resources.
2024-09-05 12:42:37,972 [Worker-23: Building workspace] INFO  o.e.m.c.i.embedder.EclipseLogger - skip non existing resourceDirectory C:\Rays Software\Workspace\p10Normal\projectORS\src\test\resources
2024-09-05 12:43:18,010 [Worker-14: Building workspace] INFO  o.e.m.c.i.embedder.EclipseLogger - Using 'UTF-8' encoding to copy filtered resources.
2024-09-05 12:43:18,012 [Worker-14: Building workspace] INFO  o.e.m.c.i.embedder.EclipseLogger - Copying 1 resource
2024-09-05 12:43:18,015 [Worker-14: Building workspace] INFO  o.e.m.c.i.embedder.EclipseLogger - Copying 1 resource
2024-09-05 12:43:18,020 [Worker-14: Building workspace] INFO  o.e.m.c.i.embedder.EclipseLogger - Using 'UTF-8' encoding to copy filtered resources.
2024-09-05 12:43:18,020 [Worker-14: Building workspace] INFO  o.e.m.c.i.embedder.EclipseLogger - skip non existing resourceDirectory C:\Rays Software\Workspace\p10Normal\projectORS\src\test\resources
2024-09-05 12:46:53,984 [Worker-21: Building workspace] INFO  o.e.m.c.i.embedder.EclipseLogger - Using 'UTF-8' encoding to copy filtered resources.
2024-09-05 12:46:53,984 [Worker-21: Building workspace] INFO  o.e.m.c.i.embedder.EclipseLogger - Copying 1 resource
2024-09-05 12:46:53,987 [Worker-21: Building workspace] INFO  o.e.m.c.i.embedder.EclipseLogger - Copying 0 resource
2024-09-05 12:46:53,989 [Worker-21: Building workspace] INFO  o.e.m.c.i.embedder.EclipseLogger - Using 'UTF-8' encoding to copy filtered resources.
2024-09-05 12:46:53,989 [Worker-21: Building workspace] INFO  o.e.m.c.i.embedder.EclipseLogger - skip non existing resourceDirectory C:\Rays Software\Workspace\p10Normal\projectORS\src\test\resources
2024-09-05 14:22:31,298 [Worker-3: Loading available Gradle versions] INFO  o.e.b.c.i.u.g.PublishedGradleVersions - Gradle version information cache is up-to-date. Trying to read.
2024-09-05 14:26:18,702 [main] INFO  o.e.m2e.actions.ExecutePomAction - Creating new launch configuration
2024-09-05 14:26:42,554 [Worker-7: Launching projectORS] INFO  o.e.m.i.launch.MavenLaunchDelegate - C:\Rays Software\Workspace\p10Normal\projectORS
2024-09-05 14:26:42,556 [Worker-7: Launching projectORS] INFO  o.e.m.i.launch.MavenLaunchDelegate -  mvn -B -Dmaven.test.skip=true -DskipTests clean package
2024-09-05 14:27:20,446 [Worker-7: Building workspace] INFO  o.e.m.c.i.embedder.EclipseLogger - Using 'UTF-8' encoding to copy filtered resources.
2024-09-05 14:27:20,454 [Worker-7: Building workspace] INFO  o.e.m.c.i.embedder.EclipseLogger - Copying 1 resource
2024-09-05 14:27:20,466 [Worker-7: Building workspace] INFO  o.e.m.c.i.embedder.EclipseLogger - Copying 1 resource
2024-09-05 14:27:20,471 [Worker-7: Building workspace] INFO  o.e.m.c.i.embedder.EclipseLogger - Using 'UTF-8' encoding to copy filtered resources.
2024-09-05 14:27:20,471 [Worker-7: Building workspace] INFO  o.e.m.c.i.embedder.EclipseLogger - skip non existing resourceDirectory C:\Rays Software\Workspace\p10Normal\projectORS\src\test\resources
2024-09-05 16:23:58,295 [Worker-1: Loading available Gradle versions] INFO  o.e.b.c.i.u.g.PublishedGradleVersions - Gradle version information cache is up-to-date. Trying to read.
2024-09-10 18:48:45,259 [Worker-1: Loading available Gradle versions] INFO  o.e.b.c.i.u.g.PublishedGradleVersions - Gradle version information cache is out-of-date. Trying to update.
2024-09-10 18:49:17,199 [Worker-1: Building workspace] INFO  o.e.m.c.i.embedder.EclipseLogger - Using 'UTF-8' encoding to copy filtered resources.
2024-09-10 18:49:17,207 [Worker-1: Building workspace] INFO  o.e.m.c.i.embedder.EclipseLogger - Copying 1 resource
2024-09-10 18:49:17,227 [Worker-1: Building workspace] INFO  o.e.m.c.i.embedder.EclipseLogger - Copying 1 resource
2024-09-10 18:49:17,250 [Worker-1: Building workspace] INFO  o.e.m.c.i.embedder.EclipseLogger - Using 'UTF-8' encoding to copy filtered resources.
2024-09-10 18:49:17,251 [Worker-1: Building workspace] INFO  o.e.m.c.i.embedder.EclipseLogger - skip non existing resourceDirectory C:\Rays Software\Workspace\p10Normal\projectORS\src\test\resources
2024-09-10 18:50:20,936 [Worker-6: Building workspace] INFO  o.e.m.c.i.embedder.EclipseLogger - Using 'UTF-8' encoding to copy filtered resources.
2024-09-10 18:50:20,939 [Worker-6: Building workspace] INFO  o.e.m.c.i.embedder.EclipseLogger - Copying 1 resource
2024-09-10 18:50:20,941 [Worker-6: Building workspace] INFO  o.e.m.c.i.embedder.EclipseLogger - Copying 0 resource
2024-09-10 18:50:20,943 [Worker-6: Building workspace] INFO  o.e.m.c.i.embedder.EclipseLogger - Using 'UTF-8' encoding to copy filtered resources.
2024-09-10 18:50:20,944 [Worker-6: Building workspace] INFO  o.e.m.c.i.embedder.EclipseLogger - skip non existing resourceDirectory C:\Rays Software\Workspace\p10Normal\projectORS\src\test\resources
2024-09-10 18:51:55,421 [Worker-19: Building workspace] INFO  o.e.m.c.i.embedder.EclipseLogger - Using 'UTF-8' encoding to copy filtered resources.
2024-09-10 18:51:55,422 [Worker-19: Building workspace] INFO  o.e.m.c.i.embedder.EclipseLogger - Copying 1 resource
2024-09-10 18:51:55,425 [Worker-19: Building workspace] INFO  o.e.m.c.i.embedder.EclipseLogger - Copying 1 resource
2024-09-10 18:51:55,430 [Worker-19: Building workspace] INFO  o.e.m.c.i.embedder.EclipseLogger - Using 'UTF-8' encoding to copy filtered resources.
2024-09-10 18:51:55,431 [Worker-19: Building workspace] INFO  o.e.m.c.i.embedder.EclipseLogger - skip non existing resourceDirectory C:\Rays Software\Workspace\p10Normal\projectORS\src\test\resources
2024-09-10 18:53:06,361 [Worker-4: Building workspace] INFO  o.e.m.c.i.embedder.EclipseLogger - Using 'UTF-8' encoding to copy filtered resources.
2024-09-10 18:53:06,361 [Worker-4: Building workspace] INFO  o.e.m.c.i.embedder.EclipseLogger - Copying 1 resource
2024-09-10 18:53:06,364 [Worker-4: Building workspace] INFO  o.e.m.c.i.embedder.EclipseLogger - Copying 0 resource
2024-09-10 18:53:06,366 [Worker-4: Building workspace] INFO  o.e.m.c.i.embedder.EclipseLogger - Using 'UTF-8' encoding to copy filtered resources.
2024-09-10 18:53:06,367 [Worker-4: Building workspace] INFO  o.e.m.c.i.embedder.EclipseLogger - skip non existing resourceDirectory C:\Rays Software\Workspace\p10Normal\projectORS\src\test\resources
2024-09-12 12:00:58,967 [Worker-1: Loading available Gradle versions] INFO  o.e.b.c.i.u.g.PublishedGradleVersions - Gradle version information cache is up-to-date. Trying to read.
2024-09-13 12:09:42,426 [Worker-4: Loading available Gradle versions] INFO  o.e.b.c.i.u.g.PublishedGradleVersions - Gradle version information cache is out-of-date. Trying to update.
2024-09-13 12:20:34,495 [Worker-20: Building workspace] INFO  o.e.m.c.i.embedder.EclipseLogger - Using 'UTF-8' encoding to copy filtered resources.
2024-09-13 12:20:34,500 [Worker-20: Building workspace] INFO  o.e.m.c.i.embedder.EclipseLogger - Copying 1 resource
2024-09-13 12:20:34,522 [Worker-20: Building workspace] INFO  o.e.m.c.i.embedder.EclipseLogger - Copying 1 resource
2024-09-13 12:20:34,539 [Worker-20: Building workspace] INFO  o.e.m.c.i.embedder.EclipseLogger - Using 'UTF-8' encoding to copy filtered resources.
2024-09-13 12:20:34,539 [Worker-20: Building workspace] INFO  o.e.m.c.i.embedder.EclipseLogger - skip non existing resourceDirectory C:\Rays Software\Workspace\p10Normal\projectORS\src\test\resources
2024-09-13 12:20:43,611 [Worker-21: Building workspace] INFO  o.e.m.c.i.embedder.EclipseLogger - Using 'UTF-8' encoding to copy filtered resources.
2024-09-13 12:20:43,615 [Worker-21: Building workspace] INFO  o.e.m.c.i.embedder.EclipseLogger - Copying 1 resource
2024-09-13 12:20:43,622 [Worker-21: Building workspace] INFO  o.e.m.c.i.embedder.EclipseLogger - Copying 1 resource
2024-09-13 12:20:43,627 [Worker-21: Building workspace] INFO  o.e.m.c.i.embedder.EclipseLogger - Using 'UTF-8' encoding to copy filtered resources.
2024-09-13 12:20:43,627 [Worker-21: Building workspace] INFO  o.e.m.c.i.embedder.EclipseLogger - skip non existing resourceDirectory C:\Rays Software\Workspace\p10Normal\projectORS\src\test\resources
2024-09-13 12:20:59,980 [Worker-22: Building workspace] INFO  o.e.m.c.i.embedder.EclipseLogger - Using 'UTF-8' encoding to copy filtered resources.
2024-09-13 12:21:00,150 [Worker-22: Building workspace] INFO  o.e.m.c.i.embedder.EclipseLogger - Copying 1 resource
2024-09-13 12:21:00,154 [Worker-22: Building workspace] INFO  o.e.m.c.i.embedder.EclipseLogger - Copying 1 resource
2024-09-13 12:21:00,156 [Worker-22: Building workspace] INFO  o.e.m.c.i.embedder.EclipseLogger - Using 'UTF-8' encoding to copy filtered resources.
2024-09-13 12:21:00,156 [Worker-22: Building workspace] INFO  o.e.m.c.i.embedder.EclipseLogger - skip non existing resourceDirectory C:\Rays Software\Workspace\p10Normal\projectORS\src\test\resources
2024-09-13 12:26:55,361 [Worker-26: Building workspace] INFO  o.e.m.c.i.embedder.EclipseLogger - Using 'UTF-8' encoding to copy filtered resources.
2024-09-13 12:26:55,370 [Worker-26: Building workspace] INFO  o.e.m.c.i.embedder.EclipseLogger - Copying 1 resource
2024-09-13 12:26:55,378 [Worker-26: Building workspace] INFO  o.e.m.c.i.embedder.EclipseLogger - Copying 1 resource
2024-09-13 12:26:55,383 [Worker-26: Building workspace] INFO  o.e.m.c.i.embedder.EclipseLogger - Using 'UTF-8' encoding to copy filtered resources.
2024-09-13 12:26:55,384 [Worker-26: Building workspace] INFO  o.e.m.c.i.embedder.EclipseLogger - skip non existing resourceDirectory C:\Rays Software\Workspace\p10Normal\projectORS\src\test\resources
2024-09-13 12:28:54,134 [Worker-27: Building workspace] INFO  o.e.m.c.i.embedder.EclipseLogger - Using 'UTF-8' encoding to copy filtered resources.
2024-09-13 12:28:54,145 [Worker-27: Building workspace] INFO  o.e.m.c.i.embedder.EclipseLogger - Copying 1 resource
2024-09-13 12:28:54,146 [Worker-27: Building workspace] INFO  o.e.m.c.i.embedder.EclipseLogger - Copying 1 resource
2024-09-13 12:28:54,149 [Worker-27: Building workspace] INFO  o.e.m.c.i.embedder.EclipseLogger - Using 'UTF-8' encoding to copy filtered resources.
2024-09-13 12:28:54,149 [Worker-27: Building workspace] INFO  o.e.m.c.i.embedder.EclipseLogger - skip non existing resourceDirectory C:\Rays Software\Workspace\p10Normal\projectORS\src\test\resources
2024-09-13 12:33:05,417 [Worker-28: Building workspace] INFO  o.e.m.c.i.embedder.EclipseLogger - Using 'UTF-8' encoding to copy filtered resources.
2024-09-13 12:33:05,418 [Worker-28: Building workspace] INFO  o.e.m.c.i.embedder.EclipseLogger - Copying 1 resource
2024-09-13 12:33:05,471 [Worker-28: Building workspace] INFO  o.e.m.c.i.embedder.EclipseLogger - Copying 1 resource
2024-09-13 12:33:05,476 [Worker-28: Building workspace] INFO  o.e.m.c.i.embedder.EclipseLogger - Using 'UTF-8' encoding to copy filtered resources.
2024-09-13 12:33:05,477 [Worker-28: Building workspace] INFO  o.e.m.c.i.embedder.EclipseLogger - skip non existing resourceDirectory C:\Rays Software\Workspace\p10Normal\projectORS\src\test\resources
2024-09-13 12:33:48,749 [Worker-27: Building workspace] INFO  o.e.m.c.i.embedder.EclipseLogger - Using 'UTF-8' encoding to copy filtered resources.
2024-09-13 12:33:48,753 [Worker-27: Building workspace] INFO  o.e.m.c.i.embedder.EclipseLogger - Copying 1 resource
2024-09-13 12:33:48,778 [Worker-27: Building workspace] INFO  o.e.m.c.i.embedder.EclipseLogger - Copying 1 resource
2024-09-13 12:33:48,785 [Worker-27: Building workspace] INFO  o.e.m.c.i.embedder.EclipseLogger - Using 'UTF-8' encoding to copy filtered resources.
2024-09-13 12:33:48,786 [Worker-27: Building workspace] INFO  o.e.m.c.i.embedder.EclipseLogger - skip non existing resourceDirectory C:\Rays Software\Workspace\p10Normal\projectORS\src\test\resources
2024-09-13 12:34:02,329 [Worker-26: Building workspace] INFO  o.e.m.c.i.embedder.EclipseLogger - Using 'UTF-8' encoding to copy filtered resources.
2024-09-13 12:34:02,331 [Worker-26: Building workspace] INFO  o.e.m.c.i.embedder.EclipseLogger - Copying 1 resource
2024-09-13 12:34:02,333 [Worker-26: Building workspace] INFO  o.e.m.c.i.embedder.EclipseLogger - Copying 1 resource
2024-09-13 12:34:02,340 [Worker-26: Building workspace] INFO  o.e.m.c.i.embedder.EclipseLogger - Using 'UTF-8' encoding to copy filtered resources.
2024-09-13 12:34:02,340 [Worker-26: Building workspace] INFO  o.e.m.c.i.embedder.EclipseLogger - skip non existing resourceDirectory C:\Rays Software\Workspace\p10Normal\projectORS\src\test\resources
2024-09-13 12:39:14,037 [Worker-29: Building workspace] INFO  o.e.m.c.i.embedder.EclipseLogger - Using 'UTF-8' encoding to copy filtered resources.
2024-09-13 12:39:14,038 [Worker-29: Building workspace] INFO  o.e.m.c.i.embedder.EclipseLogger - Copying 1 resource
2024-09-13 12:39:14,040 [Worker-29: Building workspace] INFO  o.e.m.c.i.embedder.EclipseLogger - Copying 1 resource
2024-09-13 12:39:14,042 [Worker-29: Building workspace] INFO  o.e.m.c.i.embedder.EclipseLogger - Using 'UTF-8' encoding to copy filtered resources.
2024-09-13 12:39:14,042 [Worker-29: Building workspace] INFO  o.e.m.c.i.embedder.EclipseLogger - skip non existing resourceDirectory C:\Rays Software\Workspace\p10Normal\projectORS\src\test\resources
2024-09-13 12:40:19,328 [Worker-24: Building workspace] INFO  o.e.m.c.i.embedder.EclipseLogger - Using 'UTF-8' encoding to copy filtered resources.
2024-09-13 12:40:19,330 [Worker-24: Building workspace] INFO  o.e.m.c.i.embedder.EclipseLogger - Copying 1 resource
2024-09-13 12:40:19,332 [Worker-24: Building workspace] INFO  o.e.m.c.i.embedder.EclipseLogger - Copying 1 resource
2024-09-13 12:40:19,335 [Worker-24: Building workspace] INFO  o.e.m.c.i.embedder.EclipseLogger - Using 'UTF-8' encoding to copy filtered resources.
2024-09-13 12:40:19,335 [Worker-24: Building workspace] INFO  o.e.m.c.i.embedder.EclipseLogger - skip non existing resourceDirectory C:\Rays Software\Workspace\p10Normal\projectORS\src\test\resources
2024-09-13 12:40:27,468 [Worker-26: Building workspace] INFO  o.e.m.c.i.embedder.EclipseLogger - Using 'UTF-8' encoding to copy filtered resources.
2024-09-13 12:40:27,469 [Worker-26: Building workspace] INFO  o.e.m.c.i.embedder.EclipseLogger - Copying 1 resource
2024-09-13 12:40:27,472 [Worker-26: Building workspace] INFO  o.e.m.c.i.embedder.EclipseLogger - Copying 1 resource
2024-09-13 12:40:27,475 [Worker-26: Building workspace] INFO  o.e.m.c.i.embedder.EclipseLogger - Using 'UTF-8' encoding to copy filtered resources.
2024-09-13 12:40:27,475 [Worker-26: Building workspace] INFO  o.e.m.c.i.embedder.EclipseLogger - skip non existing resourceDirectory C:\Rays Software\Workspace\p10Normal\projectORS\src\test\resources
2024-09-13 12:40:54,827 [Worker-27: Building workspace] INFO  o.e.m.c.i.embedder.EclipseLogger - Using 'UTF-8' encoding to copy filtered resources.
2024-09-13 12:40:54,828 [Worker-27: Building workspace] INFO  o.e.m.c.i.embedder.EclipseLogger - Copying 1 resource
2024-09-13 12:40:54,831 [Worker-27: Building workspace] INFO  o.e.m.c.i.embedder.EclipseLogger - Copying 1 resource
2024-09-13 12:40:54,835 [Worker-27: Building workspace] INFO  o.e.m.c.i.embedder.EclipseLogger - Using 'UTF-8' encoding to copy filtered resources.
2024-09-13 12:40:54,836 [Worker-27: Building workspace] INFO  o.e.m.c.i.embedder.EclipseLogger - skip non existing resourceDirectory C:\Rays Software\Workspace\p10Normal\projectORS\src\test\resources
2024-09-13 12:41:07,437 [Worker-5: Building workspace] INFO  o.e.m.c.i.embedder.EclipseLogger - Using 'UTF-8' encoding to copy filtered resources.
2024-09-13 12:41:07,438 [Worker-5: Building workspace] INFO  o.e.m.c.i.embedder.EclipseLogger - Copying 1 resource
2024-09-13 12:41:07,440 [Worker-5: Building workspace] INFO  o.e.m.c.i.embedder.EclipseLogger - Copying 1 resource
2024-09-13 12:41:07,444 [Worker-5: Building workspace] INFO  o.e.m.c.i.embedder.EclipseLogger - Using 'UTF-8' encoding to copy filtered resources.
2024-09-13 12:41:07,445 [Worker-5: Building workspace] INFO  o.e.m.c.i.embedder.EclipseLogger - skip non existing resourceDirectory C:\Rays Software\Workspace\p10Normal\projectORS\src\test\resources
2024-09-13 12:41:17,594 [Worker-24: Building workspace] INFO  o.e.m.c.i.embedder.EclipseLogger - Using 'UTF-8' encoding to copy filtered resources.
2024-09-13 12:41:17,595 [Worker-24: Building workspace] INFO  o.e.m.c.i.embedder.EclipseLogger - Copying 1 resource
2024-09-13 12:41:17,598 [Worker-24: Building workspace] INFO  o.e.m.c.i.embedder.EclipseLogger - Copying 1 resource
2024-09-13 12:41:17,601 [Worker-24: Building workspace] INFO  o.e.m.c.i.embedder.EclipseLogger - Using 'UTF-8' encoding to copy filtered resources.
2024-09-13 12:41:17,602 [Worker-24: Building workspace] INFO  o.e.m.c.i.embedder.EclipseLogger - skip non existing resourceDirectory C:\Rays Software\Workspace\p10Normal\projectORS\src\test\resources
2024-09-13 12:41:22,066 [Worker-26: Building workspace] INFO  o.e.m.c.i.embedder.EclipseLogger - Using 'UTF-8' encoding to copy filtered resources.
2024-09-13 12:41:22,068 [Worker-26: Building workspace] INFO  o.e.m.c.i.embedder.EclipseLogger - Copying 1 resource
2024-09-13 12:41:22,070 [Worker-26: Building workspace] INFO  o.e.m.c.i.embedder.EclipseLogger - Copying 1 resource
2024-09-13 12:41:22,072 [Worker-26: Building workspace] INFO  o.e.m.c.i.embedder.EclipseLogger - Using 'UTF-8' encoding to copy filtered resources.
2024-09-13 12:41:22,072 [Worker-26: Building workspace] INFO  o.e.m.c.i.embedder.EclipseLogger - skip non existing resourceDirectory C:\Rays Software\Workspace\p10Normal\projectORS\src\test\resources
2024-09-13 12:41:31,944 [Worker-28: Building workspace] INFO  o.e.m.c.i.embedder.EclipseLogger - Using 'UTF-8' encoding to copy filtered resources.
2024-09-13 12:41:31,947 [Worker-28: Building workspace] INFO  o.e.m.c.i.embedder.EclipseLogger - Copying 1 resource
2024-09-13 12:41:31,948 [Worker-28: Building workspace] INFO  o.e.m.c.i.embedder.EclipseLogger - Copying 1 resource
2024-09-13 12:41:31,956 [Worker-28: Building workspace] INFO  o.e.m.c.i.embedder.EclipseLogger - Using 'UTF-8' encoding to copy filtered resources.
2024-09-13 12:41:31,957 [Worker-28: Building workspace] INFO  o.e.m.c.i.embedder.EclipseLogger - skip non existing resourceDirectory C:\Rays Software\Workspace\p10Normal\projectORS\src\test\resources
2024-09-13 12:42:01,951 [Worker-5: Building workspace] INFO  o.e.m.c.i.embedder.EclipseLogger - Using 'UTF-8' encoding to copy filtered resources.
2024-09-13 12:42:01,952 [Worker-5: Building workspace] INFO  o.e.m.c.i.embedder.EclipseLogger - Copying 1 resource
2024-09-13 12:42:01,957 [Worker-5: Building workspace] INFO  o.e.m.c.i.embedder.EclipseLogger - Copying 1 resource
2024-09-13 12:42:01,961 [Worker-5: Building workspace] INFO  o.e.m.c.i.embedder.EclipseLogger - Using 'UTF-8' encoding to copy filtered resources.
2024-09-13 12:42:01,961 [Worker-5: Building workspace] INFO  o.e.m.c.i.embedder.EclipseLogger - skip non existing resourceDirectory C:\Rays Software\Workspace\p10Normal\projectORS\src\test\resources
2024-09-13 12:44:59,150 [Worker-20: Building workspace] INFO  o.e.m.c.i.embedder.EclipseLogger - Using 'UTF-8' encoding to copy filtered resources.
2024-09-13 12:44:59,151 [Worker-20: Building workspace] INFO  o.e.m.c.i.embedder.EclipseLogger - Copying 1 resource
2024-09-13 12:44:59,153 [Worker-20: Building workspace] INFO  o.e.m.c.i.embedder.EclipseLogger - Copying 1 resource
2024-09-13 12:44:59,155 [Worker-20: Building workspace] INFO  o.e.m.c.i.embedder.EclipseLogger - Using 'UTF-8' encoding to copy filtered resources.
2024-09-13 12:44:59,155 [Worker-20: Building workspace] INFO  o.e.m.c.i.embedder.EclipseLogger - skip non existing resourceDirectory C:\Rays Software\Workspace\p10Normal\projectORS\src\test\resources
2024-09-13 12:45:12,102 [Worker-26: Building workspace] INFO  o.e.m.c.i.embedder.EclipseLogger - Using 'UTF-8' encoding to copy filtered resources.
2024-09-13 12:45:12,103 [Worker-26: Building workspace] INFO  o.e.m.c.i.embedder.EclipseLogger - Copying 1 resource
2024-09-13 12:45:12,105 [Worker-26: Building workspace] INFO  o.e.m.c.i.embedder.EclipseLogger - Copying 1 resource
2024-09-13 12:45:12,107 [Worker-26: Building workspace] INFO  o.e.m.c.i.embedder.EclipseLogger - Using 'UTF-8' encoding to copy filtered resources.
2024-09-13 12:45:12,107 [Worker-26: Building workspace] INFO  o.e.m.c.i.embedder.EclipseLogger - skip non existing resourceDirectory C:\Rays Software\Workspace\p10Normal\projectORS\src\test\resources
2024-09-13 12:45:28,770 [Worker-29: Building workspace] INFO  o.e.m.c.i.embedder.EclipseLogger - Using 'UTF-8' encoding to copy filtered resources.
2024-09-13 12:45:28,771 [Worker-29: Building workspace] INFO  o.e.m.c.i.embedder.EclipseLogger - Copying 1 resource
2024-09-13 12:45:28,774 [Worker-29: Building workspace] INFO  o.e.m.c.i.embedder.EclipseLogger - Copying 1 resource
2024-09-13 12:45:28,776 [Worker-29: Building workspace] INFO  o.e.m.c.i.embedder.EclipseLogger - Using 'UTF-8' encoding to copy filtered resources.
2024-09-13 12:45:28,777 [Worker-29: Building workspace] INFO  o.e.m.c.i.embedder.EclipseLogger - skip non existing resourceDirectory C:\Rays Software\Workspace\p10Normal\projectORS\src\test\resources
2024-09-13 12:45:52,552 [Worker-28: Building workspace] INFO  o.e.m.c.i.embedder.EclipseLogger - Using 'UTF-8' encoding to copy filtered resources.
2024-09-13 12:45:52,553 [Worker-28: Building workspace] INFO  o.e.m.c.i.embedder.EclipseLogger - Copying 1 resource
2024-09-13 12:45:52,555 [Worker-28: Building workspace] INFO  o.e.m.c.i.embedder.EclipseLogger - Copying 1 resource
2024-09-13 12:45:52,560 [Worker-28: Building workspace] INFO  o.e.m.c.i.embedder.EclipseLogger - Using 'UTF-8' encoding to copy filtered resources.
2024-09-13 12:45:52,560 [Worker-28: Building workspace] INFO  o.e.m.c.i.embedder.EclipseLogger - skip non existing resourceDirectory C:\Rays Software\Workspace\p10Normal\projectORS\src\test\resources
2024-09-13 12:45:56,661 [Worker-26: Building workspace] INFO  o.e.m.c.i.embedder.EclipseLogger - Using 'UTF-8' encoding to copy filtered resources.
2024-09-13 12:45:56,662 [Worker-26: Building workspace] INFO  o.e.m.c.i.embedder.EclipseLogger - Copying 1 resource
2024-09-13 12:45:56,664 [Worker-26: Building workspace] INFO  o.e.m.c.i.embedder.EclipseLogger - Copying 1 resource
2024-09-13 12:45:56,666 [Worker-26: Building workspace] INFO  o.e.m.c.i.embedder.EclipseLogger - Using 'UTF-8' encoding to copy filtered resources.
2024-09-13 12:45:56,666 [Worker-26: Building workspace] INFO  o.e.m.c.i.embedder.EclipseLogger - skip non existing resourceDirectory C:\Rays Software\Workspace\p10Normal\projectORS\src\test\resources
2024-09-13 12:46:10,464 [Worker-26: Building workspace] INFO  o.e.m.c.i.embedder.EclipseLogger - Using 'UTF-8' encoding to copy filtered resources.
2024-09-13 12:46:10,465 [Worker-26: Building workspace] INFO  o.e.m.c.i.embedder.EclipseLogger - Copying 1 resource
2024-09-13 12:46:10,467 [Worker-26: Building workspace] INFO  o.e.m.c.i.embedder.EclipseLogger - Copying 1 resource
2024-09-13 12:46:10,479 [Worker-26: Building workspace] INFO  o.e.m.c.i.embedder.EclipseLogger - Using 'UTF-8' encoding to copy filtered resources.
2024-09-13 12:46:10,480 [Worker-26: Building workspace] INFO  o.e.m.c.i.embedder.EclipseLogger - skip non existing resourceDirectory C:\Rays Software\Workspace\p10Normal\projectORS\src\test\resources
2024-09-13 12:47:40,399 [Worker-20: Building workspace] INFO  o.e.m.c.i.embedder.EclipseLogger - Using 'UTF-8' encoding to copy filtered resources.
2024-09-13 12:47:40,400 [Worker-20: Building workspace] INFO  o.e.m.c.i.embedder.EclipseLogger - Copying 1 resource
2024-09-13 12:47:40,402 [Worker-20: Building workspace] INFO  o.e.m.c.i.embedder.EclipseLogger - Copying 1 resource
2024-09-13 12:47:40,406 [Worker-20: Building workspace] INFO  o.e.m.c.i.embedder.EclipseLogger - Using 'UTF-8' encoding to copy filtered resources.
2024-09-13 12:47:40,406 [Worker-20: Building workspace] INFO  o.e.m.c.i.embedder.EclipseLogger - skip non existing resourceDirectory C:\Rays Software\Workspace\p10Normal\projectORS\src\test\resources
2024-09-13 12:47:52,176 [Worker-5: Building workspace] INFO  o.e.m.c.i.embedder.EclipseLogger - Using 'UTF-8' encoding to copy filtered resources.
2024-09-13 12:47:52,177 [Worker-5: Building workspace] INFO  o.e.m.c.i.embedder.EclipseLogger - Copying 1 resource
2024-09-13 12:47:52,179 [Worker-5: Building workspace] INFO  o.e.m.c.i.embedder.EclipseLogger - Copying 1 resource
2024-09-13 12:47:52,181 [Worker-5: Building workspace] INFO  o.e.m.c.i.embedder.EclipseLogger - Using 'UTF-8' encoding to copy filtered resources.
2024-09-13 12:47:52,181 [Worker-5: Building workspace] INFO  o.e.m.c.i.embedder.EclipseLogger - skip non existing resourceDirectory C:\Rays Software\Workspace\p10Normal\projectORS\src\test\resources
2024-09-13 12:47:54,822 [Worker-5: Building workspace] INFO  o.e.m.c.i.embedder.EclipseLogger - Using 'UTF-8' encoding to copy filtered resources.
2024-09-13 12:47:54,823 [Worker-5: Building workspace] INFO  o.e.m.c.i.embedder.EclipseLogger - Copying 1 resource
2024-09-13 12:47:54,829 [Worker-5: Building workspace] INFO  o.e.m.c.i.embedder.EclipseLogger - Copying 1 resource
2024-09-13 12:47:54,831 [Worker-5: Building workspace] INFO  o.e.m.c.i.embedder.EclipseLogger - Using 'UTF-8' encoding to copy filtered resources.
2024-09-13 12:47:54,831 [Worker-5: Building workspace] INFO  o.e.m.c.i.embedder.EclipseLogger - skip non existing resourceDirectory C:\Rays Software\Workspace\p10Normal\projectORS\src\test\resources
2024-09-13 12:48:17,347 [Worker-24: Building workspace] INFO  o.e.m.c.i.embedder.EclipseLogger - Using 'UTF-8' encoding to copy filtered resources.
2024-09-13 12:48:17,348 [Worker-24: Building workspace] INFO  o.e.m.c.i.embedder.EclipseLogger - Copying 1 resource
2024-09-13 12:48:17,352 [Worker-24: Building workspace] INFO  o.e.m.c.i.embedder.EclipseLogger - Copying 1 resource
2024-09-13 12:48:17,365 [Worker-24: Building workspace] INFO  o.e.m.c.i.embedder.EclipseLogger - Using 'UTF-8' encoding to copy filtered resources.
2024-09-13 12:48:17,365 [Worker-24: Building workspace] INFO  o.e.m.c.i.embedder.EclipseLogger - skip non existing resourceDirectory C:\Rays Software\Workspace\p10Normal\projectORS\src\test\resources
2024-09-13 12:49:58,109 [Worker-5: Building workspace] INFO  o.e.m.c.i.embedder.EclipseLogger - Using 'UTF-8' encoding to copy filtered resources.
2024-09-13 12:49:58,113 [Worker-5: Building workspace] INFO  o.e.m.c.i.embedder.EclipseLogger - Copying 1 resource
2024-09-13 12:49:58,115 [Worker-5: Building workspace] INFO  o.e.m.c.i.embedder.EclipseLogger - Copying 1 resource
2024-09-13 12:49:58,117 [Worker-5: Building workspace] INFO  o.e.m.c.i.embedder.EclipseLogger - Using 'UTF-8' encoding to copy filtered resources.
2024-09-13 12:49:58,118 [Worker-5: Building workspace] INFO  o.e.m.c.i.embedder.EclipseLogger - skip non existing resourceDirectory C:\Rays Software\Workspace\p10Normal\projectORS\src\test\resources
2024-09-13 12:52:00,813 [Worker-28: Building workspace] INFO  o.e.m.c.i.embedder.EclipseLogger - Using 'UTF-8' encoding to copy filtered resources.
2024-09-13 12:52:00,815 [Worker-28: Building workspace] INFO  o.e.m.c.i.embedder.EclipseLogger - Copying 1 resource
2024-09-13 12:52:00,817 [Worker-28: Building workspace] INFO  o.e.m.c.i.embedder.EclipseLogger - Copying 1 resource
2024-09-13 12:52:00,820 [Worker-28: Building workspace] INFO  o.e.m.c.i.embedder.EclipseLogger - Using 'UTF-8' encoding to copy filtered resources.
2024-09-13 12:52:00,820 [Worker-28: Building workspace] INFO  o.e.m.c.i.embedder.EclipseLogger - skip non existing resourceDirectory C:\Rays Software\Workspace\p10Normal\projectORS\src\test\resources
2024-09-13 12:55:39,836 [Worker-24: Building workspace] INFO  o.e.m.c.i.embedder.EclipseLogger - Using 'UTF-8' encoding to copy filtered resources.
2024-09-13 12:55:39,837 [Worker-24: Building workspace] INFO  o.e.m.c.i.embedder.EclipseLogger - Copying 1 resource
2024-09-13 12:55:39,839 [Worker-24: Building workspace] INFO  o.e.m.c.i.embedder.EclipseLogger - Copying 1 resource
2024-09-13 12:55:39,841 [Worker-24: Building workspace] INFO  o.e.m.c.i.embedder.EclipseLogger - Using 'UTF-8' encoding to copy filtered resources.
2024-09-13 12:55:39,841 [Worker-24: Building workspace] INFO  o.e.m.c.i.embedder.EclipseLogger - skip non existing resourceDirectory C:\Rays Software\Workspace\p10Normal\projectORS\src\test\resources
2024-09-13 12:57:50,779 [Worker-27: Building workspace] INFO  o.e.m.c.i.embedder.EclipseLogger - Using 'UTF-8' encoding to copy filtered resources.
2024-09-13 12:57:50,780 [Worker-27: Building workspace] INFO  o.e.m.c.i.embedder.EclipseLogger - Copying 1 resource
2024-09-13 12:57:50,782 [Worker-27: Building workspace] INFO  o.e.m.c.i.embedder.EclipseLogger - Copying 1 resource
2024-09-13 12:57:50,802 [Worker-27: Building workspace] INFO  o.e.m.c.i.embedder.EclipseLogger - Using 'UTF-8' encoding to copy filtered resources.
2024-09-13 12:57:50,802 [Worker-27: Building workspace] INFO  o.e.m.c.i.embedder.EclipseLogger - skip non existing resourceDirectory C:\Rays Software\Workspace\p10Normal\projectORS\src\test\resources
2024-09-13 12:58:18,322 [Worker-20: Building workspace] INFO  o.e.m.c.i.embedder.EclipseLogger - Using 'UTF-8' encoding to copy filtered resources.
2024-09-13 12:58:18,323 [Worker-20: Building workspace] INFO  o.e.m.c.i.embedder.EclipseLogger - Copying 1 resource
2024-09-13 12:58:18,325 [Worker-20: Building workspace] INFO  o.e.m.c.i.embedder.EclipseLogger - Copying 1 resource
2024-09-13 12:58:18,327 [Worker-20: Building workspace] INFO  o.e.m.c.i.embedder.EclipseLogger - Using 'UTF-8' encoding to copy filtered resources.
2024-09-13 12:58:18,327 [Worker-20: Building workspace] INFO  o.e.m.c.i.embedder.EclipseLogger - skip non existing resourceDirectory C:\Rays Software\Workspace\p10Normal\projectORS\src\test\resources
2024-09-13 12:59:19,640 [Worker-24: Building workspace] INFO  o.e.m.c.i.embedder.EclipseLogger - Using 'UTF-8' encoding to copy filtered resources.
2024-09-13 12:59:19,641 [Worker-24: Building workspace] INFO  o.e.m.c.i.embedder.EclipseLogger - Copying 1 resource
2024-09-13 12:59:19,643 [Worker-24: Building workspace] INFO  o.e.m.c.i.embedder.EclipseLogger - Copying 1 resource
2024-09-13 12:59:19,645 [Worker-24: Building workspace] INFO  o.e.m.c.i.embedder.EclipseLogger - Using 'UTF-8' encoding to copy filtered resources.
2024-09-13 12:59:19,645 [Worker-24: Building workspace] INFO  o.e.m.c.i.embedder.EclipseLogger - skip non existing resourceDirectory C:\Rays Software\Workspace\p10Normal\projectORS\src\test\resources
2024-09-13 13:00:06,672 [Worker-29: Building workspace] INFO  o.e.m.c.i.embedder.EclipseLogger - Using 'UTF-8' encoding to copy filtered resources.
2024-09-13 13:00:06,673 [Worker-29: Building workspace] INFO  o.e.m.c.i.embedder.EclipseLogger - Copying 1 resource
2024-09-13 13:00:06,674 [Worker-29: Building workspace] INFO  o.e.m.c.i.embedder.EclipseLogger - Copying 1 resource
2024-09-13 13:00:06,675 [Worker-29: Building workspace] INFO  o.e.m.c.i.embedder.EclipseLogger - Using 'UTF-8' encoding to copy filtered resources.
2024-09-13 13:00:06,676 [Worker-29: Building workspace] INFO  o.e.m.c.i.embedder.EclipseLogger - skip non existing resourceDirectory C:\Rays Software\Workspace\p10Normal\projectORS\src\test\resources
2024-09-13 13:20:35,767 [Worker-37: Building workspace] INFO  o.e.m.c.i.embedder.EclipseLogger - Using 'UTF-8' encoding to copy filtered resources.
2024-09-13 13:20:35,772 [Worker-37: Building workspace] INFO  o.e.m.c.i.embedder.EclipseLogger - Copying 1 resource
2024-09-13 13:20:35,778 [Worker-37: Building workspace] INFO  o.e.m.c.i.embedder.EclipseLogger - Copying 1 resource
2024-09-13 13:20:35,785 [Worker-37: Building workspace] INFO  o.e.m.c.i.embedder.EclipseLogger - Using 'UTF-8' encoding to copy filtered resources.
2024-09-13 13:20:35,785 [Worker-37: Building workspace] INFO  o.e.m.c.i.embedder.EclipseLogger - skip non existing resourceDirectory C:\Rays Software\Workspace\p10Normal\projectORS\src\test\resources
2024-09-13 13:26:01,780 [Worker-42: Building workspace] INFO  o.e.m.c.i.embedder.EclipseLogger - Using 'UTF-8' encoding to copy filtered resources.
2024-09-13 13:26:01,788 [Worker-42: Building workspace] INFO  o.e.m.c.i.embedder.EclipseLogger - Copying 1 resource
2024-09-13 13:26:01,791 [Worker-42: Building workspace] INFO  o.e.m.c.i.embedder.EclipseLogger - Copying 1 resource
2024-09-13 13:26:01,793 [Worker-42: Building workspace] INFO  o.e.m.c.i.embedder.EclipseLogger - Using 'UTF-8' encoding to copy filtered resources.
2024-09-13 13:26:01,793 [Worker-42: Building workspace] INFO  o.e.m.c.i.embedder.EclipseLogger - skip non existing resourceDirectory C:\Rays Software\Workspace\p10Normal\projectORS\src\test\resources
2024-09-13 15:51:47,218 [Worker-13: Loading available Gradle versions] INFO  o.e.b.c.i.u.g.PublishedGradleVersions - Gradle version information cache is up-to-date. Trying to read.
2024-09-13 15:52:55,411 [Worker-7: Building workspace] INFO  o.e.m.c.i.embedder.EclipseLogger - Using 'UTF-8' encoding to copy filtered resources.
2024-09-13 15:52:55,419 [Worker-7: Building workspace] INFO  o.e.m.c.i.embedder.EclipseLogger - Copying 1 resource
2024-09-13 15:52:55,452 [Worker-7: Building workspace] INFO  o.e.m.c.i.embedder.EclipseLogger - Copying 1 resource
2024-09-13 15:52:55,457 [Worker-7: Building workspace] INFO  o.e.m.c.i.embedder.EclipseLogger - Using 'UTF-8' encoding to copy filtered resources.
2024-09-13 15:52:55,457 [Worker-7: Building workspace] INFO  o.e.m.c.i.embedder.EclipseLogger - skip non existing resourceDirectory C:\Rays Software\Workspace\p10Normal\projectORS\src\test\resources
2024-09-13 23:25:28,780 [Worker-0: Loading available Gradle versions] INFO  o.e.b.c.i.u.g.PublishedGradleVersions - Gradle version information cache is up-to-date. Trying to read.
2024-09-13 23:44:28,564 [Worker-20: Building workspace] INFO  o.e.m.c.i.embedder.EclipseLogger - Using 'UTF-8' encoding to copy filtered resources.
2024-09-13 23:44:28,576 [Worker-20: Building workspace] INFO  o.e.m.c.i.embedder.EclipseLogger - Copying 1 resource
2024-09-13 23:44:28,625 [Worker-20: Building workspace] INFO  o.e.m.c.i.embedder.EclipseLogger - Copying 1 resource
2024-09-13 23:44:28,636 [Worker-20: Building workspace] INFO  o.e.m.c.i.embedder.EclipseLogger - Using 'UTF-8' encoding to copy filtered resources.
2024-09-13 23:44:28,636 [Worker-20: Building workspace] INFO  o.e.m.c.i.embedder.EclipseLogger - skip non existing resourceDirectory C:\Rays Software\Workspace\p10Normal\projectORS\src\test\resources
2024-09-13 23:46:21,462 [Worker-18: Building workspace] INFO  o.e.m.c.i.embedder.EclipseLogger - Using 'UTF-8' encoding to copy filtered resources.
2024-09-13 23:46:21,469 [Worker-18: Building workspace] INFO  o.e.m.c.i.embedder.EclipseLogger - Copying 1 resource
2024-09-13 23:46:21,472 [Worker-18: Building workspace] INFO  o.e.m.c.i.embedder.EclipseLogger - Copying 1 resource
2024-09-13 23:46:21,474 [Worker-18: Building workspace] INFO  o.e.m.c.i.embedder.EclipseLogger - Using 'UTF-8' encoding to copy filtered resources.
2024-09-13 23:46:21,474 [Worker-18: Building workspace] INFO  o.e.m.c.i.embedder.EclipseLogger - skip non existing resourceDirectory C:\Rays Software\Workspace\p10Normal\projectORS\src\test\resources
2024-09-13 23:50:51,875 [Worker-27: Building workspace] INFO  o.e.m.c.i.embedder.EclipseLogger - Using 'UTF-8' encoding to copy filtered resources.
2024-09-13 23:50:51,878 [Worker-27: Building workspace] INFO  o.e.m.c.i.embedder.EclipseLogger - Copying 1 resource
2024-09-13 23:50:51,881 [Worker-27: Building workspace] INFO  o.e.m.c.i.embedder.EclipseLogger - Copying 1 resource
2024-09-13 23:50:51,884 [Worker-27: Building workspace] INFO  o.e.m.c.i.embedder.EclipseLogger - Using 'UTF-8' encoding to copy filtered resources.
2024-09-13 23:50:51,884 [Worker-27: Building workspace] INFO  o.e.m.c.i.embedder.EclipseLogger - skip non existing resourceDirectory C:\Rays Software\Workspace\p10Normal\projectORS\src\test\resources
2024-09-13 23:57:00,848 [Worker-28: Building workspace] INFO  o.e.m.c.i.embedder.EclipseLogger - Using 'UTF-8' encoding to copy filtered resources.
2024-09-13 23:57:00,851 [Worker-28: Building workspace] INFO  o.e.m.c.i.embedder.EclipseLogger - Copying 1 resource
2024-09-13 23:57:00,853 [Worker-28: Building workspace] INFO  o.e.m.c.i.embedder.EclipseLogger - Copying 1 resource
2024-09-13 23:57:00,856 [Worker-28: Building workspace] INFO  o.e.m.c.i.embedder.EclipseLogger - Using 'UTF-8' encoding to copy filtered resources.
2024-09-13 23:57:00,856 [Worker-28: Building workspace] INFO  o.e.m.c.i.embedder.EclipseLogger - skip non existing resourceDirectory C:\Rays Software\Workspace\p10Normal\projectORS\src\test\resources
2024-09-13 23:57:47,818 [Worker-26: Building workspace] INFO  o.e.m.c.i.embedder.EclipseLogger - Using 'UTF-8' encoding to copy filtered resources.
2024-09-13 23:57:47,819 [Worker-26: Building workspace] INFO  o.e.m.c.i.embedder.EclipseLogger - Copying 1 resource
2024-09-13 23:57:47,822 [Worker-26: Building workspace] INFO  o.e.m.c.i.embedder.EclipseLogger - Copying 1 resource
2024-09-13 23:57:47,824 [Worker-26: Building workspace] INFO  o.e.m.c.i.embedder.EclipseLogger - Using 'UTF-8' encoding to copy filtered resources.
2024-09-13 23:57:47,825 [Worker-26: Building workspace] INFO  o.e.m.c.i.embedder.EclipseLogger - skip non existing resourceDirectory C:\Rays Software\Workspace\p10Normal\projectORS\src\test\resources
2024-09-13 23:58:00,846 [Worker-26: Building workspace] INFO  o.e.m.c.i.embedder.EclipseLogger - Using 'UTF-8' encoding to copy filtered resources.
2024-09-13 23:58:00,847 [Worker-26: Building workspace] INFO  o.e.m.c.i.embedder.EclipseLogger - Copying 1 resource
2024-09-13 23:58:00,850 [Worker-26: Building workspace] INFO  o.e.m.c.i.embedder.EclipseLogger - Copying 1 resource
2024-09-13 23:58:00,851 [Worker-26: Building workspace] INFO  o.e.m.c.i.embedder.EclipseLogger - Using 'UTF-8' encoding to copy filtered resources.
2024-09-13 23:58:00,851 [Worker-26: Building workspace] INFO  o.e.m.c.i.embedder.EclipseLogger - skip non existing resourceDirectory C:\Rays Software\Workspace\p10Normal\projectORS\src\test\resources
2024-09-13 23:58:23,827 [Worker-26: Building workspace] INFO  o.e.m.c.i.embedder.EclipseLogger - Using 'UTF-8' encoding to copy filtered resources.
2024-09-13 23:58:23,828 [Worker-26: Building workspace] INFO  o.e.m.c.i.embedder.EclipseLogger - Copying 1 resource
2024-09-13 23:58:23,831 [Worker-26: Building workspace] INFO  o.e.m.c.i.embedder.EclipseLogger - Copying 1 resource
2024-09-13 23:58:23,833 [Worker-26: Building workspace] INFO  o.e.m.c.i.embedder.EclipseLogger - Using 'UTF-8' encoding to copy filtered resources.
2024-09-13 23:58:23,833 [Worker-26: Building workspace] INFO  o.e.m.c.i.embedder.EclipseLogger - skip non existing resourceDirectory C:\Rays Software\Workspace\p10Normal\projectORS\src\test\resources
2024-09-13 23:59:26,937 [Worker-28: Building workspace] INFO  o.e.m.c.i.embedder.EclipseLogger - Using 'UTF-8' encoding to copy filtered resources.
2024-09-13 23:59:26,938 [Worker-28: Building workspace] INFO  o.e.m.c.i.embedder.EclipseLogger - Copying 1 resource
2024-09-13 23:59:26,940 [Worker-28: Building workspace] INFO  o.e.m.c.i.embedder.EclipseLogger - Copying 1 resource
2024-09-13 23:59:26,945 [Worker-28: Building workspace] INFO  o.e.m.c.i.embedder.EclipseLogger - Using 'UTF-8' encoding to copy filtered resources.
2024-09-13 23:59:26,945 [Worker-28: Building workspace] INFO  o.e.m.c.i.embedder.EclipseLogger - skip non existing resourceDirectory C:\Rays Software\Workspace\p10Normal\projectORS\src\test\resources
2024-09-13 23:59:35,356 [Worker-29: Building workspace] INFO  o.e.m.c.i.embedder.EclipseLogger - Using 'UTF-8' encoding to copy filtered resources.
2024-09-13 23:59:35,357 [Worker-29: Building workspace] INFO  o.e.m.c.i.embedder.EclipseLogger - Copying 1 resource
2024-09-13 23:59:35,359 [Worker-29: Building workspace] INFO  o.e.m.c.i.embedder.EclipseLogger - Copying 1 resource
2024-09-13 23:59:35,362 [Worker-29: Building workspace] INFO  o.e.m.c.i.embedder.EclipseLogger - Using 'UTF-8' encoding to copy filtered resources.
2024-09-13 23:59:35,362 [Worker-29: Building workspace] INFO  o.e.m.c.i.embedder.EclipseLogger - skip non existing resourceDirectory C:\Rays Software\Workspace\p10Normal\projectORS\src\test\resources
2024-09-14 00:00:32,262 [Worker-30: Building workspace] INFO  o.e.m.c.i.embedder.EclipseLogger - Using 'UTF-8' encoding to copy filtered resources.
2024-09-14 00:00:32,263 [Worker-30: Building workspace] INFO  o.e.m.c.i.embedder.EclipseLogger - Copying 1 resource
2024-09-14 00:00:32,265 [Worker-30: Building workspace] INFO  o.e.m.c.i.embedder.EclipseLogger - Copying 1 resource
2024-09-14 00:00:32,267 [Worker-30: Building workspace] INFO  o.e.m.c.i.embedder.EclipseLogger - Using 'UTF-8' encoding to copy filtered resources.
2024-09-14 00:00:32,267 [Worker-30: Building workspace] INFO  o.e.m.c.i.embedder.EclipseLogger - skip non existing resourceDirectory C:\Rays Software\Workspace\p10Normal\projectORS\src\test\resources
2024-09-14 00:02:00,583 [Worker-29: Building workspace] INFO  o.e.m.c.i.embedder.EclipseLogger - Using 'UTF-8' encoding to copy filtered resources.
2024-09-14 00:02:00,584 [Worker-29: Building workspace] INFO  o.e.m.c.i.embedder.EclipseLogger - Copying 1 resource
2024-09-14 00:02:00,586 [Worker-29: Building workspace] INFO  o.e.m.c.i.embedder.EclipseLogger - Copying 1 resource
2024-09-14 00:02:00,589 [Worker-29: Building workspace] INFO  o.e.m.c.i.embedder.EclipseLogger - Using 'UTF-8' encoding to copy filtered resources.
2024-09-14 00:02:00,589 [Worker-29: Building workspace] INFO  o.e.m.c.i.embedder.EclipseLogger - skip non existing resourceDirectory C:\Rays Software\Workspace\p10Normal\projectORS\src\test\resources
2024-09-14 00:02:29,758 [Worker-25: Building workspace] INFO  o.e.m.c.i.embedder.EclipseLogger - Using 'UTF-8' encoding to copy filtered resources.
2024-09-14 00:02:29,759 [Worker-25: Building workspace] INFO  o.e.m.c.i.embedder.EclipseLogger - Copying 1 resource
2024-09-14 00:02:29,760 [Worker-25: Building workspace] INFO  o.e.m.c.i.embedder.EclipseLogger - Copying 1 resource
2024-09-14 00:02:29,763 [Worker-25: Building workspace] INFO  o.e.m.c.i.embedder.EclipseLogger - Using 'UTF-8' encoding to copy filtered resources.
2024-09-14 00:02:29,763 [Worker-25: Building workspace] INFO  o.e.m.c.i.embedder.EclipseLogger - skip non existing resourceDirectory C:\Rays Software\Workspace\p10Normal\projectORS\src\test\resources
2024-09-14 12:14:36,706 [Worker-2: Loading available Gradle versions] INFO  o.e.b.c.i.u.g.PublishedGradleVersions - Gradle version information cache is out-of-date. Trying to update.
2024-09-14 12:18:47,289 [Worker-8: Building workspace] INFO  o.e.m.c.i.embedder.EclipseLogger - Using 'UTF-8' encoding to copy filtered resources.
2024-09-14 12:18:47,299 [Worker-8: Building workspace] INFO  o.e.m.c.i.embedder.EclipseLogger - Copying 1 resource
2024-09-14 12:18:47,364 [Worker-8: Building workspace] INFO  o.e.m.c.i.embedder.EclipseLogger - Copying 1 resource
2024-09-14 12:18:47,369 [Worker-8: Building workspace] INFO  o.e.m.c.i.embedder.EclipseLogger - Using 'UTF-8' encoding to copy filtered resources.
2024-09-14 12:18:47,369 [Worker-8: Building workspace] INFO  o.e.m.c.i.embedder.EclipseLogger - skip non existing resourceDirectory C:\Rays Software\Workspace\p10Normal\projectORS\src\test\resources
2024-09-14 12:55:14,745 [Worker-25: Building workspace] INFO  o.e.m.c.i.embedder.EclipseLogger - Using 'UTF-8' encoding to copy filtered resources.
2024-09-14 12:55:14,752 [Worker-25: Building workspace] INFO  o.e.m.c.i.embedder.EclipseLogger - Copying 1 resource
2024-09-14 12:55:14,760 [Worker-25: Building workspace] INFO  o.e.m.c.i.embedder.EclipseLogger - Copying 1 resource
2024-09-14 12:55:14,778 [Worker-25: Building workspace] INFO  o.e.m.c.i.embedder.EclipseLogger - Using 'UTF-8' encoding to copy filtered resources.
2024-09-14 12:55:14,779 [Worker-25: Building workspace] INFO  o.e.m.c.i.embedder.EclipseLogger - skip non existing resourceDirectory C:\Rays Software\Workspace\p10Normal\projectORS\src\test\resources
2024-09-16 11:43:50,437 [Worker-2: Loading available Gradle versions] INFO  o.e.b.c.i.u.g.PublishedGradleVersions - Gradle version information cache is out-of-date. Trying to update.
2024-09-16 11:44:05,169 [Worker-4: Launching ProjectOrsApplication] INFO  o.e.m.c.i.embedder.EclipseLogger - Using 'UTF-8' encoding to copy filtered resources.
2024-09-16 11:44:05,175 [Worker-4: Launching ProjectOrsApplication] INFO  o.e.m.c.i.embedder.EclipseLogger - Copying 1 resource
2024-09-16 11:44:05,197 [Worker-4: Launching ProjectOrsApplication] INFO  o.e.m.c.i.embedder.EclipseLogger - Copying 1 resource
2024-09-16 11:44:05,202 [Worker-4: Launching ProjectOrsApplication] INFO  o.e.m.c.i.embedder.EclipseLogger - Using 'UTF-8' encoding to copy filtered resources.
2024-09-16 11:44:05,202 [Worker-4: Launching ProjectOrsApplication] INFO  o.e.m.c.i.embedder.EclipseLogger - skip non existing resourceDirectory C:\Rays Software\Workspace\p10Normal\projectORS\src\test\resources
2024-09-16 13:00:37,683 [Worker-31: Building workspace] INFO  o.e.m.c.i.embedder.EclipseLogger - Using 'UTF-8' encoding to copy filtered resources.
2024-09-16 13:00:37,690 [Worker-31: Building workspace] INFO  o.e.m.c.i.embedder.EclipseLogger - Copying 1 resource
2024-09-16 13:00:37,703 [Worker-31: Building workspace] INFO  o.e.m.c.i.embedder.EclipseLogger - Copying 1 resource
2024-09-16 13:00:37,706 [Worker-31: Building workspace] INFO  o.e.m.c.i.embedder.EclipseLogger - Using 'UTF-8' encoding to copy filtered resources.
2024-09-16 13:00:37,706 [Worker-31: Building workspace] INFO  o.e.m.c.i.embedder.EclipseLogger - skip non existing resourceDirectory C:\Rays Software\Workspace\p10Normal\projectORS\src\test\resources
2024-09-16 13:02:09,952 [Worker-29: Building workspace] INFO  o.e.m.c.i.embedder.EclipseLogger - Using 'UTF-8' encoding to copy filtered resources.
2024-09-16 13:02:09,988 [Worker-29: Building workspace] INFO  o.e.m.c.i.embedder.EclipseLogger - Copying 1 resource
2024-09-16 13:02:09,996 [Worker-29: Building workspace] INFO  o.e.m.c.i.embedder.EclipseLogger - Copying 1 resource
2024-09-16 13:02:10,000 [Worker-29: Building workspace] INFO  o.e.m.c.i.embedder.EclipseLogger - Using 'UTF-8' encoding to copy filtered resources.
2024-09-16 13:02:10,000 [Worker-29: Building workspace] INFO  o.e.m.c.i.embedder.EclipseLogger - skip non existing resourceDirectory C:\Rays Software\Workspace\p10Normal\projectORS\src\test\resources
2024-09-16 13:02:28,602 [Worker-33: Building workspace] INFO  o.e.m.c.i.embedder.EclipseLogger - Using 'UTF-8' encoding to copy filtered resources.
2024-09-16 13:02:28,604 [Worker-33: Building workspace] INFO  o.e.m.c.i.embedder.EclipseLogger - Copying 1 resource
2024-09-16 13:02:28,609 [Worker-33: Building workspace] INFO  o.e.m.c.i.embedder.EclipseLogger - Copying 1 resource
2024-09-16 13:02:28,612 [Worker-33: Building workspace] INFO  o.e.m.c.i.embedder.EclipseLogger - Using 'UTF-8' encoding to copy filtered resources.
2024-09-16 13:02:28,613 [Worker-33: Building workspace] INFO  o.e.m.c.i.embedder.EclipseLogger - skip non existing resourceDirectory C:\Rays Software\Workspace\p10Normal\projectORS\src\test\resources
2024-09-16 13:02:40,856 [Worker-34: Building workspace] INFO  o.e.m.c.i.embedder.EclipseLogger - Using 'UTF-8' encoding to copy filtered resources.
2024-09-16 13:02:40,859 [Worker-34: Building workspace] INFO  o.e.m.c.i.embedder.EclipseLogger - Copying 1 resource
2024-09-16 13:02:40,863 [Worker-34: Building workspace] INFO  o.e.m.c.i.embedder.EclipseLogger - Copying 1 resource
2024-09-16 13:02:40,866 [Worker-34: Building workspace] INFO  o.e.m.c.i.embedder.EclipseLogger - Using 'UTF-8' encoding to copy filtered resources.
2024-09-16 13:02:40,867 [Worker-34: Building workspace] INFO  o.e.m.c.i.embedder.EclipseLogger - skip non existing resourceDirectory C:\Rays Software\Workspace\p10Normal\projectORS\src\test\resources
2024-09-16 13:03:26,176 [Worker-32: Building workspace] INFO  o.e.m.c.i.embedder.EclipseLogger - Using 'UTF-8' encoding to copy filtered resources.
2024-09-16 13:03:26,187 [Worker-32: Building workspace] INFO  o.e.m.c.i.embedder.EclipseLogger - Copying 1 resource
2024-09-16 13:03:26,190 [Worker-32: Building workspace] INFO  o.e.m.c.i.embedder.EclipseLogger - Copying 1 resource
2024-09-16 13:03:26,194 [Worker-32: Building workspace] INFO  o.e.m.c.i.embedder.EclipseLogger - Using 'UTF-8' encoding to copy filtered resources.
2024-09-16 13:03:26,194 [Worker-32: Building workspace] INFO  o.e.m.c.i.embedder.EclipseLogger - skip non existing resourceDirectory C:\Rays Software\Workspace\p10Normal\projectORS\src\test\resources
2024-09-16 13:03:50,217 [Worker-35: Building workspace] INFO  o.e.m.c.i.embedder.EclipseLogger - Using 'UTF-8' encoding to copy filtered resources.
2024-09-16 13:03:50,218 [Worker-35: Building workspace] INFO  o.e.m.c.i.embedder.EclipseLogger - Copying 1 resource
2024-09-16 13:03:50,221 [Worker-35: Building workspace] INFO  o.e.m.c.i.embedder.EclipseLogger - Copying 1 resource
2024-09-16 13:03:50,223 [Worker-35: Building workspace] INFO  o.e.m.c.i.embedder.EclipseLogger - Using 'UTF-8' encoding to copy filtered resources.
2024-09-16 13:03:50,223 [Worker-35: Building workspace] INFO  o.e.m.c.i.embedder.EclipseLogger - skip non existing resourceDirectory C:\Rays Software\Workspace\p10Normal\projectORS\src\test\resources
2024-09-16 13:04:20,071 [Worker-35: Building workspace] INFO  o.e.m.c.i.embedder.EclipseLogger - Using 'UTF-8' encoding to copy filtered resources.
2024-09-16 13:04:20,072 [Worker-35: Building workspace] INFO  o.e.m.c.i.embedder.EclipseLogger - Copying 1 resource
2024-09-16 13:04:20,077 [Worker-35: Building workspace] INFO  o.e.m.c.i.embedder.EclipseLogger - Copying 1 resource
2024-09-16 13:04:20,085 [Worker-35: Building workspace] INFO  o.e.m.c.i.embedder.EclipseLogger - Using 'UTF-8' encoding to copy filtered resources.
2024-09-16 13:04:20,086 [Worker-35: Building workspace] INFO  o.e.m.c.i.embedder.EclipseLogger - skip non existing resourceDirectory C:\Rays Software\Workspace\p10Normal\projectORS\src\test\resources
2024-09-16 13:04:53,072 [Worker-37: Building workspace] INFO  o.e.m.c.i.embedder.EclipseLogger - Using 'UTF-8' encoding to copy filtered resources.
2024-09-16 13:04:53,074 [Worker-37: Building workspace] INFO  o.e.m.c.i.embedder.EclipseLogger - Copying 1 resource
2024-09-16 13:04:53,077 [Worker-37: Building workspace] INFO  o.e.m.c.i.embedder.EclipseLogger - Copying 1 resource
2024-09-16 13:04:53,080 [Worker-37: Building workspace] INFO  o.e.m.c.i.embedder.EclipseLogger - Using 'UTF-8' encoding to copy filtered resources.
2024-09-16 13:04:53,081 [Worker-37: Building workspace] INFO  o.e.m.c.i.embedder.EclipseLogger - skip non existing resourceDirectory C:\Rays Software\Workspace\p10Normal\projectORS\src\test\resources
2024-09-16 13:05:50,656 [Worker-34: Building workspace] INFO  o.e.m.c.i.embedder.EclipseLogger - Using 'UTF-8' encoding to copy filtered resources.
2024-09-16 13:05:50,657 [Worker-34: Building workspace] INFO  o.e.m.c.i.embedder.EclipseLogger - Copying 1 resource
2024-09-16 13:05:50,691 [Worker-34: Building workspace] INFO  o.e.m.c.i.embedder.EclipseLogger - Copying 1 resource
2024-09-16 13:05:50,694 [Worker-34: Building workspace] INFO  o.e.m.c.i.embedder.EclipseLogger - Using 'UTF-8' encoding to copy filtered resources.
2024-09-16 13:05:50,694 [Worker-34: Building workspace] INFO  o.e.m.c.i.embedder.EclipseLogger - skip non existing resourceDirectory C:\Rays Software\Workspace\p10Normal\projectORS\src\test\resources
2024-09-16 13:06:01,413 [Worker-29: Building workspace] INFO  o.e.m.c.i.embedder.EclipseLogger - Using 'UTF-8' encoding to copy filtered resources.
2024-09-16 13:06:01,415 [Worker-29: Building workspace] INFO  o.e.m.c.i.embedder.EclipseLogger - Copying 1 resource
2024-09-16 13:06:01,418 [Worker-29: Building workspace] INFO  o.e.m.c.i.embedder.EclipseLogger - Copying 1 resource
2024-09-16 13:06:01,423 [Worker-29: Building workspace] INFO  o.e.m.c.i.embedder.EclipseLogger - Using 'UTF-8' encoding to copy filtered resources.
2024-09-16 13:06:01,423 [Worker-29: Building workspace] INFO  o.e.m.c.i.embedder.EclipseLogger - skip non existing resourceDirectory C:\Rays Software\Workspace\p10Normal\projectORS\src\test\resources
2024-09-16 13:06:14,940 [Worker-29: Building workspace] INFO  o.e.m.c.i.embedder.EclipseLogger - Using 'UTF-8' encoding to copy filtered resources.
2024-09-16 13:06:14,941 [Worker-29: Building workspace] INFO  o.e.m.c.i.embedder.EclipseLogger - Copying 1 resource
2024-09-16 13:06:14,943 [Worker-29: Building workspace] INFO  o.e.m.c.i.embedder.EclipseLogger - Copying 1 resource
2024-09-16 13:06:14,945 [Worker-29: Building workspace] INFO  o.e.m.c.i.embedder.EclipseLogger - Using 'UTF-8' encoding to copy filtered resources.
2024-09-16 13:06:14,946 [Worker-29: Building workspace] INFO  o.e.m.c.i.embedder.EclipseLogger - skip non existing resourceDirectory C:\Rays Software\Workspace\p10Normal\projectORS\src\test\resources
2024-09-16 13:06:44,262 [Worker-29: Building workspace] INFO  o.e.m.c.i.embedder.EclipseLogger - Using 'UTF-8' encoding to copy filtered resources.
2024-09-16 13:06:44,263 [Worker-29: Building workspace] INFO  o.e.m.c.i.embedder.EclipseLogger - Copying 1 resource
2024-09-16 13:06:44,266 [Worker-29: Building workspace] INFO  o.e.m.c.i.embedder.EclipseLogger - Copying 1 resource
2024-09-16 13:06:44,270 [Worker-29: Building workspace] INFO  o.e.m.c.i.embedder.EclipseLogger - Using 'UTF-8' encoding to copy filtered resources.
2024-09-16 13:06:44,271 [Worker-29: Building workspace] INFO  o.e.m.c.i.embedder.EclipseLogger - skip non existing resourceDirectory C:\Rays Software\Workspace\p10Normal\projectORS\src\test\resources
2024-09-16 13:10:25,246 [Worker-34: Building workspace] INFO  o.e.m.c.i.embedder.EclipseLogger - Using 'UTF-8' encoding to copy filtered resources.
2024-09-16 13:10:25,259 [Worker-34: Building workspace] INFO  o.e.m.c.i.embedder.EclipseLogger - Copying 1 resource
2024-09-16 13:10:25,264 [Worker-34: Building workspace] INFO  o.e.m.c.i.embedder.EclipseLogger - Copying 1 resource
2024-09-16 13:10:25,271 [Worker-34: Building workspace] INFO  o.e.m.c.i.embedder.EclipseLogger - Using 'UTF-8' encoding to copy filtered resources.
2024-09-16 13:10:25,271 [Worker-34: Building workspace] INFO  o.e.m.c.i.embedder.EclipseLogger - skip non existing resourceDirectory C:\Rays Software\Workspace\p10Normal\projectORS\src\test\resources
2024-09-16 13:12:56,408 [Worker-39: Building workspace] INFO  o.e.m.c.i.embedder.EclipseLogger - Using 'UTF-8' encoding to copy filtered resources.
2024-09-16 13:12:56,410 [Worker-39: Building workspace] INFO  o.e.m.c.i.embedder.EclipseLogger - Copying 1 resource
2024-09-16 13:12:56,413 [Worker-39: Building workspace] INFO  o.e.m.c.i.embedder.EclipseLogger - Copying 1 resource
2024-09-16 13:12:56,414 [Worker-39: Building workspace] INFO  o.e.m.c.i.embedder.EclipseLogger - Using 'UTF-8' encoding to copy filtered resources.
2024-09-16 13:12:56,415 [Worker-39: Building workspace] INFO  o.e.m.c.i.embedder.EclipseLogger - skip non existing resourceDirectory C:\Rays Software\Workspace\p10Normal\projectORS\src\test\resources
2024-09-16 13:13:04,108 [Worker-34: Building workspace] INFO  o.e.m.c.i.embedder.EclipseLogger - Using 'UTF-8' encoding to copy filtered resources.
2024-09-16 13:13:04,108 [Worker-34: Building workspace] INFO  o.e.m.c.i.embedder.EclipseLogger - Copying 1 resource
2024-09-16 13:13:04,111 [Worker-34: Building workspace] INFO  o.e.m.c.i.embedder.EclipseLogger - Copying 1 resource
2024-09-16 13:13:04,116 [Worker-34: Building workspace] INFO  o.e.m.c.i.embedder.EclipseLogger - Using 'UTF-8' encoding to copy filtered resources.
2024-09-16 13:13:04,117 [Worker-34: Building workspace] INFO  o.e.m.c.i.embedder.EclipseLogger - skip non existing resourceDirectory C:\Rays Software\Workspace\p10Normal\projectORS\src\test\resources
2024-09-16 13:14:24,059 [Worker-42: Building workspace] INFO  o.e.m.c.i.embedder.EclipseLogger - Using 'UTF-8' encoding to copy filtered resources.
2024-09-16 13:14:24,061 [Worker-42: Building workspace] INFO  o.e.m.c.i.embedder.EclipseLogger - Copying 1 resource
2024-09-16 13:14:24,064 [Worker-42: Building workspace] INFO  o.e.m.c.i.embedder.EclipseLogger - Copying 1 resource
2024-09-16 13:14:24,069 [Worker-42: Building workspace] INFO  o.e.m.c.i.embedder.EclipseLogger - Using 'UTF-8' encoding to copy filtered resources.
2024-09-16 13:14:24,069 [Worker-42: Building workspace] INFO  o.e.m.c.i.embedder.EclipseLogger - skip non existing resourceDirectory C:\Rays Software\Workspace\p10Normal\projectORS\src\test\resources
2024-09-16 13:20:43,878 [Worker-44: Building workspace] INFO  o.e.m.c.i.embedder.EclipseLogger - Using 'UTF-8' encoding to copy filtered resources.
2024-09-16 13:20:43,882 [Worker-44: Building workspace] INFO  o.e.m.c.i.embedder.EclipseLogger - Copying 1 resource
2024-09-16 13:20:43,889 [Worker-44: Building workspace] INFO  o.e.m.c.i.embedder.EclipseLogger - Copying 1 resource
2024-09-16 13:20:43,892 [Worker-44: Building workspace] INFO  o.e.m.c.i.embedder.EclipseLogger - Using 'UTF-8' encoding to copy filtered resources.
2024-09-16 13:20:43,893 [Worker-44: Building workspace] INFO  o.e.m.c.i.embedder.EclipseLogger - skip non existing resourceDirectory C:\Rays Software\Workspace\p10Normal\projectORS\src\test\resources
2024-09-16 13:32:49,714 [Worker-47: Building workspace] INFO  o.e.m.c.i.embedder.EclipseLogger - Using 'UTF-8' encoding to copy filtered resources.
2024-09-16 13:32:49,722 [Worker-47: Building workspace] INFO  o.e.m.c.i.embedder.EclipseLogger - Copying 1 resource
2024-09-16 13:32:49,725 [Worker-47: Building workspace] INFO  o.e.m.c.i.embedder.EclipseLogger - Copying 1 resource
2024-09-16 13:32:49,730 [Worker-47: Building workspace] INFO  o.e.m.c.i.embedder.EclipseLogger - Using 'UTF-8' encoding to copy filtered resources.
2024-09-16 13:32:49,730 [Worker-47: Building workspace] INFO  o.e.m.c.i.embedder.EclipseLogger - skip non existing resourceDirectory C:\Rays Software\Workspace\p10Normal\projectORS\src\test\resources
2024-09-16 13:36:05,356 [Worker-47: Building workspace] INFO  o.e.m.c.i.embedder.EclipseLogger - Using 'UTF-8' encoding to copy filtered resources.
2024-09-16 13:36:05,360 [Worker-47: Building workspace] INFO  o.e.m.c.i.embedder.EclipseLogger - Copying 1 resource
2024-09-16 13:36:05,424 [Worker-47: Building workspace] INFO  o.e.m.c.i.embedder.EclipseLogger - Copying 1 resource
2024-09-16 13:36:05,452 [Worker-47: Building workspace] INFO  o.e.m.c.i.embedder.EclipseLogger - Using 'UTF-8' encoding to copy filtered resources.
2024-09-16 13:36:05,452 [Worker-47: Building workspace] INFO  o.e.m.c.i.embedder.EclipseLogger - skip non existing resourceDirectory C:\Rays Software\Workspace\p10Normal\projectORS\src\test\resources
2024-09-16 13:37:14,044 [Worker-46: Building workspace] INFO  o.e.m.c.i.embedder.EclipseLogger - Using 'UTF-8' encoding to copy filtered resources.
2024-09-16 13:37:14,047 [Worker-46: Building workspace] INFO  o.e.m.c.i.embedder.EclipseLogger - Copying 1 resource
2024-09-16 13:37:14,051 [Worker-46: Building workspace] INFO  o.e.m.c.i.embedder.EclipseLogger - Copying 1 resource
2024-09-16 13:37:14,054 [Worker-46: Building workspace] INFO  o.e.m.c.i.embedder.EclipseLogger - Using 'UTF-8' encoding to copy filtered resources.
2024-09-16 13:37:14,054 [Worker-46: Building workspace] INFO  o.e.m.c.i.embedder.EclipseLogger - skip non existing resourceDirectory C:\Rays Software\Workspace\p10Normal\projectORS\src\test\resources
2024-09-16 13:37:30,788 [Worker-48: Building workspace] INFO  o.e.m.c.i.embedder.EclipseLogger - Using 'UTF-8' encoding to copy filtered resources.
2024-09-16 13:37:30,789 [Worker-48: Building workspace] INFO  o.e.m.c.i.embedder.EclipseLogger - Copying 1 resource
2024-09-16 13:37:30,791 [Worker-48: Building workspace] INFO  o.e.m.c.i.embedder.EclipseLogger - Copying 1 resource
2024-09-16 13:37:30,793 [Worker-48: Building workspace] INFO  o.e.m.c.i.embedder.EclipseLogger - Using 'UTF-8' encoding to copy filtered resources.
2024-09-16 13:37:30,794 [Worker-48: Building workspace] INFO  o.e.m.c.i.embedder.EclipseLogger - skip non existing resourceDirectory C:\Rays Software\Workspace\p10Normal\projectORS\src\test\resources
2024-09-16 13:37:54,991 [Worker-47: Building workspace] INFO  o.e.m.c.i.embedder.EclipseLogger - Using 'UTF-8' encoding to copy filtered resources.
2024-09-16 13:37:54,992 [Worker-47: Building workspace] INFO  o.e.m.c.i.embedder.EclipseLogger - Copying 1 resource
2024-09-16 13:37:55,015 [Worker-47: Building workspace] INFO  o.e.m.c.i.embedder.EclipseLogger - Copying 1 resource
2024-09-16 13:37:55,018 [Worker-47: Building workspace] INFO  o.e.m.c.i.embedder.EclipseLogger - Using 'UTF-8' encoding to copy filtered resources.
2024-09-16 13:37:55,018 [Worker-47: Building workspace] INFO  o.e.m.c.i.embedder.EclipseLogger - skip non existing resourceDirectory C:\Rays Software\Workspace\p10Normal\projectORS\src\test\resources
2024-09-16 13:38:09,086 [Worker-47: Building workspace] INFO  o.e.m.c.i.embedder.EclipseLogger - Using 'UTF-8' encoding to copy filtered resources.
2024-09-16 13:38:09,087 [Worker-47: Building workspace] INFO  o.e.m.c.i.embedder.EclipseLogger - Copying 1 resource
2024-09-16 13:38:09,089 [Worker-47: Building workspace] INFO  o.e.m.c.i.embedder.EclipseLogger - Copying 1 resource
2024-09-16 13:38:09,092 [Worker-47: Building workspace] INFO  o.e.m.c.i.embedder.EclipseLogger - Using 'UTF-8' encoding to copy filtered resources.
2024-09-16 13:38:09,093 [Worker-47: Building workspace] INFO  o.e.m.c.i.embedder.EclipseLogger - skip non existing resourceDirectory C:\Rays Software\Workspace\p10Normal\projectORS\src\test\resources
2024-09-16 13:38:29,804 [Worker-49: Building workspace] INFO  o.e.m.c.i.embedder.EclipseLogger - Using 'UTF-8' encoding to copy filtered resources.
2024-09-16 13:38:29,805 [Worker-49: Building workspace] INFO  o.e.m.c.i.embedder.EclipseLogger - Copying 1 resource
2024-09-16 13:38:29,808 [Worker-49: Building workspace] INFO  o.e.m.c.i.embedder.EclipseLogger - Copying 1 resource
2024-09-16 13:38:29,814 [Worker-49: Building workspace] INFO  o.e.m.c.i.embedder.EclipseLogger - Using 'UTF-8' encoding to copy filtered resources.
2024-09-16 13:38:29,814 [Worker-49: Building workspace] INFO  o.e.m.c.i.embedder.EclipseLogger - skip non existing resourceDirectory C:\Rays Software\Workspace\p10Normal\projectORS\src\test\resources
2024-09-16 14:00:57,699 [Worker-57: Building workspace] INFO  o.e.m.c.i.embedder.EclipseLogger - Using 'UTF-8' encoding to copy filtered resources.
2024-09-16 14:00:57,704 [Worker-57: Building workspace] INFO  o.e.m.c.i.embedder.EclipseLogger - Copying 1 resource
2024-09-16 14:00:57,710 [Worker-57: Building workspace] INFO  o.e.m.c.i.embedder.EclipseLogger - Copying 1 resource
2024-09-16 14:00:57,711 [Worker-57: Building workspace] INFO  o.e.m.c.i.embedder.EclipseLogger - Using 'UTF-8' encoding to copy filtered resources.
2024-09-16 14:00:57,712 [Worker-57: Building workspace] INFO  o.e.m.c.i.embedder.EclipseLogger - skip non existing resourceDirectory C:\Rays Software\Workspace\p10Normal\projectORS\src\test\resources
2024-09-16 14:01:07,116 [Worker-56: Building workspace] INFO  o.e.m.c.i.embedder.EclipseLogger - Using 'UTF-8' encoding to copy filtered resources.
2024-09-16 14:01:07,117 [Worker-56: Building workspace] INFO  o.e.m.c.i.embedder.EclipseLogger - Copying 1 resource
2024-09-16 14:01:07,119 [Worker-56: Building workspace] INFO  o.e.m.c.i.embedder.EclipseLogger - Copying 1 resource
2024-09-16 14:01:07,121 [Worker-56: Building workspace] INFO  o.e.m.c.i.embedder.EclipseLogger - Using 'UTF-8' encoding to copy filtered resources.
2024-09-16 14:01:07,122 [Worker-56: Building workspace] INFO  o.e.m.c.i.embedder.EclipseLogger - skip non existing resourceDirectory C:\Rays Software\Workspace\p10Normal\projectORS\src\test\resources
2024-09-16 14:01:25,500 [Worker-57: Building workspace] INFO  o.e.m.c.i.embedder.EclipseLogger - Using 'UTF-8' encoding to copy filtered resources.
2024-09-16 14:01:25,501 [Worker-57: Building workspace] INFO  o.e.m.c.i.embedder.EclipseLogger - Copying 1 resource
2024-09-16 14:01:25,503 [Worker-57: Building workspace] INFO  o.e.m.c.i.embedder.EclipseLogger - Copying 1 resource
2024-09-16 14:01:25,506 [Worker-57: Building workspace] INFO  o.e.m.c.i.embedder.EclipseLogger - Using 'UTF-8' encoding to copy filtered resources.
2024-09-16 14:01:25,506 [Worker-57: Building workspace] INFO  o.e.m.c.i.embedder.EclipseLogger - skip non existing resourceDirectory C:\Rays Software\Workspace\p10Normal\projectORS\src\test\resources
2024-09-16 14:01:31,058 [Worker-56: Building workspace] INFO  o.e.m.c.i.embedder.EclipseLogger - Using 'UTF-8' encoding to copy filtered resources.
2024-09-16 14:01:31,060 [Worker-56: Building workspace] INFO  o.e.m.c.i.embedder.EclipseLogger - Copying 1 resource
2024-09-16 14:01:31,062 [Worker-56: Building workspace] INFO  o.e.m.c.i.embedder.EclipseLogger - Copying 1 resource
2024-09-16 14:01:31,064 [Worker-56: Building workspace] INFO  o.e.m.c.i.embedder.EclipseLogger - Using 'UTF-8' encoding to copy filtered resources.
2024-09-16 14:01:31,064 [Worker-56: Building workspace] INFO  o.e.m.c.i.embedder.EclipseLogger - skip non existing resourceDirectory C:\Rays Software\Workspace\p10Normal\projectORS\src\test\resources
2024-09-16 14:01:36,972 [Worker-57: Building workspace] INFO  o.e.m.c.i.embedder.EclipseLogger - Using 'UTF-8' encoding to copy filtered resources.
2024-09-16 14:01:36,973 [Worker-57: Building workspace] INFO  o.e.m.c.i.embedder.EclipseLogger - Copying 1 resource
2024-09-16 14:01:36,975 [Worker-57: Building workspace] INFO  o.e.m.c.i.embedder.EclipseLogger - Copying 1 resource
2024-09-16 14:01:36,977 [Worker-57: Building workspace] INFO  o.e.m.c.i.embedder.EclipseLogger - Using 'UTF-8' encoding to copy filtered resources.
2024-09-16 14:01:36,978 [Worker-57: Building workspace] INFO  o.e.m.c.i.embedder.EclipseLogger - skip non existing resourceDirectory C:\Rays Software\Workspace\p10Normal\projectORS\src\test\resources
2024-09-16 14:01:41,011 [Worker-57: Building workspace] INFO  o.e.m.c.i.embedder.EclipseLogger - Using 'UTF-8' encoding to copy filtered resources.
2024-09-16 14:01:41,012 [Worker-57: Building workspace] INFO  o.e.m.c.i.embedder.EclipseLogger - Copying 1 resource
2024-09-16 14:01:41,014 [Worker-57: Building workspace] INFO  o.e.m.c.i.embedder.EclipseLogger - Copying 1 resource
2024-09-16 14:01:41,016 [Worker-57: Building workspace] INFO  o.e.m.c.i.embedder.EclipseLogger - Using 'UTF-8' encoding to copy filtered resources.
2024-09-16 14:01:41,017 [Worker-57: Building workspace] INFO  o.e.m.c.i.embedder.EclipseLogger - skip non existing resourceDirectory C:\Rays Software\Workspace\p10Normal\projectORS\src\test\resources
2024-09-16 14:02:08,279 [Worker-52: Building workspace] INFO  o.e.m.c.i.embedder.EclipseLogger - Using 'UTF-8' encoding to copy filtered resources.
2024-09-16 14:02:08,282 [Worker-52: Building workspace] INFO  o.e.m.c.i.embedder.EclipseLogger - Copying 1 resource
2024-09-16 14:02:08,284 [Worker-52: Building workspace] INFO  o.e.m.c.i.embedder.EclipseLogger - Copying 1 resource
2024-09-16 14:02:08,288 [Worker-52: Building workspace] INFO  o.e.m.c.i.embedder.EclipseLogger - Using 'UTF-8' encoding to copy filtered resources.
2024-09-16 14:02:08,305 [Worker-52: Building workspace] INFO  o.e.m.c.i.embedder.EclipseLogger - skip non existing resourceDirectory C:\Rays Software\Workspace\p10Normal\projectORS\src\test\resources
2024-09-16 14:02:13,418 [Worker-52: Building workspace] INFO  o.e.m.c.i.embedder.EclipseLogger - Using 'UTF-8' encoding to copy filtered resources.
2024-09-16 14:02:13,420 [Worker-52: Building workspace] INFO  o.e.m.c.i.embedder.EclipseLogger - Copying 1 resource
2024-09-16 14:02:13,422 [Worker-52: Building workspace] INFO  o.e.m.c.i.embedder.EclipseLogger - Copying 1 resource
2024-09-16 14:02:13,424 [Worker-52: Building workspace] INFO  o.e.m.c.i.embedder.EclipseLogger - Using 'UTF-8' encoding to copy filtered resources.
2024-09-16 14:02:13,424 [Worker-52: Building workspace] INFO  o.e.m.c.i.embedder.EclipseLogger - skip non existing resourceDirectory C:\Rays Software\Workspace\p10Normal\projectORS\src\test\resources
2024-09-16 14:02:31,098 [Worker-55: Building workspace] INFO  o.e.m.c.i.embedder.EclipseLogger - Using 'UTF-8' encoding to copy filtered resources.
2024-09-16 14:02:31,312 [Worker-55: Building workspace] INFO  o.e.m.c.i.embedder.EclipseLogger - Copying 1 resource
2024-09-16 14:02:31,364 [Worker-55: Building workspace] INFO  o.e.m.c.i.embedder.EclipseLogger - Copying 1 resource
2024-09-16 14:02:31,408 [Worker-55: Building workspace] INFO  o.e.m.c.i.embedder.EclipseLogger - Using 'UTF-8' encoding to copy filtered resources.
2024-09-16 14:02:31,408 [Worker-55: Building workspace] INFO  o.e.m.c.i.embedder.EclipseLogger - skip non existing resourceDirectory C:\Rays Software\Workspace\p10Normal\projectORS\src\test\resources
2024-09-16 14:02:34,135 [Worker-53: Updating Maven Project] INFO  o.e.m.c.i.p.ProjectConfigurationManager - Update started
2024-09-16 14:02:35,571 [Worker-53: Updating Maven Project] INFO  o.e.m.c.i.l.LifecycleMappingFactory - Using org.eclipse.m2e.jdt.JarLifecycleMapping lifecycle mapping for MavenProject: com.sunilos:springboottest:0.0.1-SNAPSHOT @ C:\Rays Software\Workspace\p10Normal\projectORS\pom.xml.
2024-09-16 14:02:37,433 [Worker-53: Updating Maven Project] INFO  o.e.m.j.i.AbstractJavaProjectConfigurator - Adding source folder /projectORS/src/main/java
2024-09-16 14:02:37,434 [Worker-53: Updating Maven Project] INFO  o.e.m.j.i.AbstractJavaProjectConfigurator - Adding resource folder /projectORS/src/main/resources
2024-09-16 14:02:37,434 [Worker-53: Updating Maven Project] INFO  o.e.m.j.i.AbstractJavaProjectConfigurator - Adding resource folder /projectORS/src/main/resources
2024-09-16 14:02:37,434 [Worker-53: Updating Maven Project] INFO  o.e.m.j.i.AbstractJavaProjectConfigurator - Adding source folder /projectORS/src/test/java
2024-09-16 14:02:38,025 [Worker-53: Updating Maven Project] INFO  o.e.m.c.i.p.ProjectConfigurationManager - Update completed: 3 sec
2024-09-16 14:02:44,060 [Worker-34: Building workspace] INFO  o.e.m.c.i.embedder.EclipseLogger - Using 'UTF-8' encoding to copy filtered resources.
2024-09-16 14:02:44,061 [Worker-34: Building workspace] INFO  o.e.m.c.i.embedder.EclipseLogger - Copying 1 resource
2024-09-16 14:02:44,080 [Worker-34: Building workspace] INFO  o.e.m.c.i.embedder.EclipseLogger - Copying 1 resource
2024-09-16 14:02:44,086 [Worker-34: Building workspace] INFO  o.e.m.c.i.embedder.EclipseLogger - Using 'UTF-8' encoding to copy filtered resources.
2024-09-16 14:02:44,086 [Worker-34: Building workspace] INFO  o.e.m.c.i.embedder.EclipseLogger - skip non existing resourceDirectory C:\Rays Software\Workspace\p10Normal\projectORS\src\test\resources
2024-09-16 14:18:22,740 [Start Help Server] INFO  org.eclipse.jetty.util.log - Logging initialized @9352367ms to org.eclipse.jetty.util.log.Slf4jLog
2024-09-16 14:18:22,918 [Start Help Server] INFO  org.eclipse.jetty.server.Server - jetty-9.4.15.v20190215; built: 2019-02-20T15:49:20.421Z; git: eb70b240169fcf1abbd86af36482d1c49826fa0b; jvm 11.0.15.1+2-LTS-10
2024-09-16 14:18:22,947 [Start Help Server] INFO  org.eclipse.jetty.server.session - DefaultSessionIdManager workerName=node0
2024-09-16 14:18:22,947 [Start Help Server] INFO  org.eclipse.jetty.server.session - No SessionScavenger set, using defaults
2024-09-16 14:18:22,948 [Start Help Server] INFO  org.eclipse.jetty.server.session - node0 Scavenging every 660000ms
2024-09-16 14:18:22,977 [Start Help Server] INFO  o.e.j.server.handler.ContextHandler - Started o.e.j.s.ServletContextHandler@10c0c33c{/help,null,AVAILABLE}
2024-09-16 14:18:23,011 [Start Help Server] INFO  o.e.jetty.server.AbstractConnector - Started ServerConnector@1d5b0e76{HTTP/1.1,[http/1.1]}{127.0.0.1:54990}
2024-09-16 14:18:23,011 [Start Help Server] INFO  org.eclipse.jetty.server.Server - Started @9352640ms
2024-09-16 14:18:23,011 [Start Help Server] INFO  org.eclipse.jetty.server.session - node0 Scavenging every 660000ms
2024-09-16 14:18:28,330 [Worker-66: Building workspace] INFO  o.e.m.c.i.embedder.EclipseLogger - Using 'UTF-8' encoding to copy filtered resources.
2024-09-16 14:18:28,334 [Worker-66: Building workspace] INFO  o.e.m.c.i.embedder.EclipseLogger - Copying 1 resource
2024-09-16 14:18:28,337 [Worker-66: Building workspace] INFO  o.e.m.c.i.embedder.EclipseLogger - Copying 1 resource
2024-09-16 14:18:28,340 [Worker-66: Building workspace] INFO  o.e.m.c.i.embedder.EclipseLogger - Using 'UTF-8' encoding to copy filtered resources.
2024-09-16 14:18:28,340 [Worker-66: Building workspace] INFO  o.e.m.c.i.embedder.EclipseLogger - skip non existing resourceDirectory C:\Rays Software\Workspace\p10Normal\projectORS\src\test\resources
2024-09-16 14:26:25,331 [Worker-61: Building workspace] INFO  o.e.m.c.i.embedder.EclipseLogger - Using 'UTF-8' encoding to copy filtered resources.
2024-09-16 14:26:25,333 [Worker-61: Building workspace] INFO  o.e.m.c.i.embedder.EclipseLogger - Copying 1 resource
2024-09-16 14:26:25,336 [Worker-61: Building workspace] INFO  o.e.m.c.i.embedder.EclipseLogger - Copying 1 resource
2024-09-16 14:26:25,339 [Worker-61: Building workspace] INFO  o.e.m.c.i.embedder.EclipseLogger - Using 'UTF-8' encoding to copy filtered resources.
2024-09-16 14:26:25,339 [Worker-61: Building workspace] INFO  o.e.m.c.i.embedder.EclipseLogger - skip non existing resourceDirectory C:\Rays Software\Workspace\p10Normal\projectORS\src\test\resources
2024-09-16 14:28:15,855 [Worker-70: Building workspace] INFO  o.e.m.c.i.embedder.EclipseLogger - Using 'UTF-8' encoding to copy filtered resources.
2024-09-16 14:28:15,857 [Worker-70: Building workspace] INFO  o.e.m.c.i.embedder.EclipseLogger - Copying 1 resource
2024-09-16 14:28:15,861 [Worker-70: Building workspace] INFO  o.e.m.c.i.embedder.EclipseLogger - Copying 1 resource
2024-09-16 14:28:15,865 [Worker-70: Building workspace] INFO  o.e.m.c.i.embedder.EclipseLogger - Using 'UTF-8' encoding to copy filtered resources.
2024-09-16 14:28:15,866 [Worker-70: Building workspace] INFO  o.e.m.c.i.embedder.EclipseLogger - skip non existing resourceDirectory C:\Rays Software\Workspace\p10Normal\projectORS\src\test\resources
2024-09-17 12:46:38,951 [Worker-5: Loading available Gradle versions] INFO  o.e.b.c.i.u.g.PublishedGradleVersions - Gradle version information cache is out-of-date. Trying to update.
2024-09-17 12:47:43,377 [Worker-8: Launching ProjectOrsApplication] INFO  o.e.m.c.i.embedder.EclipseLogger - Using 'UTF-8' encoding to copy filtered resources.
2024-09-17 12:47:43,382 [Worker-8: Launching ProjectOrsApplication] INFO  o.e.m.c.i.embedder.EclipseLogger - Copying 1 resource
2024-09-17 12:47:43,411 [Worker-8: Launching ProjectOrsApplication] INFO  o.e.m.c.i.embedder.EclipseLogger - Copying 1 resource
2024-09-17 12:47:43,432 [Worker-8: Launching ProjectOrsApplication] INFO  o.e.m.c.i.embedder.EclipseLogger - Using 'UTF-8' encoding to copy filtered resources.
2024-09-17 12:47:43,432 [Worker-8: Launching ProjectOrsApplication] INFO  o.e.m.c.i.embedder.EclipseLogger - skip non existing resourceDirectory C:\Rays Software\Workspace\p10Normal\projectORS\src\test\resources
2024-09-28 13:24:38,064 [Worker-0: Loading available Gradle versions] INFO  o.e.b.c.i.u.g.PublishedGradleVersions - Gradle version information cache is up-to-date. Trying to read.
2024-10-16 14:16:31,619 [Worker-0: Loading available Gradle versions] INFO  o.e.b.c.i.u.g.PublishedGradleVersions - Gradle version information cache is up-to-date. Trying to read.
2024-10-16 15:01:56,294 [Worker-0: Loading available Gradle versions] INFO  o.e.b.c.i.u.g.PublishedGradleVersions - Gradle version information cache is up-to-date. Trying to read.
2024-10-16 16:38:50,197 [Worker-9: Loading available Gradle versions] INFO  o.e.b.c.i.u.g.PublishedGradleVersions - Gradle version information cache is up-to-date. Trying to read.
2024-10-16 17:01:11,996 [Worker-3: Loading available Gradle versions] INFO  o.e.b.c.i.u.g.PublishedGradleVersions - Gradle version information cache is up-to-date. Trying to read.
2024-10-16 17:01:54,678 [Worker-2: Launching ProjectOrsApplication] INFO  o.e.m.c.i.embedder.EclipseLogger - Using 'UTF-8' encoding to copy filtered resources.
2024-10-16 17:01:54,684 [Worker-2: Launching ProjectOrsApplication] INFO  o.e.m.c.i.embedder.EclipseLogger - Copying 1 resource
2024-10-16 17:01:54,708 [Worker-2: Launching ProjectOrsApplication] INFO  o.e.m.c.i.embedder.EclipseLogger - Copying 1 resource
2024-10-16 17:01:54,726 [Worker-2: Launching ProjectOrsApplication] INFO  o.e.m.c.i.embedder.EclipseLogger - Using 'UTF-8' encoding to copy filtered resources.
2024-10-16 17:01:54,726 [Worker-2: Launching ProjectOrsApplication] INFO  o.e.m.c.i.embedder.EclipseLogger - skip non existing resourceDirectory C:\Rays Software\Workspace\p10Normal\projectORS\src\test\resources
2024-11-13 08:51:24,311 [Worker-3: Loading available Gradle versions] INFO  o.e.b.c.i.u.g.PublishedGradleVersions - Gradle version information cache is up-to-date. Trying to read.
2024-11-13 08:51:41,057 [Start Help Server] INFO  org.eclipse.jetty.util.log - Logging initialized @53199ms to org.eclipse.jetty.util.log.Slf4jLog
2024-11-13 08:51:43,644 [Start Help Server] INFO  org.eclipse.jetty.server.Server - jetty-9.4.15.v20190215; built: 2019-02-20T15:49:20.421Z; git: eb70b240169fcf1abbd86af36482d1c49826fa0b; jvm 11.0.15.1+2-LTS-10
2024-11-13 08:51:43,800 [Start Help Server] INFO  org.eclipse.jetty.server.session - DefaultSessionIdManager workerName=node0
2024-11-13 08:51:43,800 [Start Help Server] INFO  org.eclipse.jetty.server.session - No SessionScavenger set, using defaults
2024-11-13 08:51:43,810 [Start Help Server] INFO  org.eclipse.jetty.server.session - node0 Scavenging every 600000ms
2024-11-13 08:51:44,358 [Worker-4: Building workspace] INFO  o.e.m.c.i.embedder.EclipseLogger - Using 'UTF-8' encoding to copy filtered resources.
2024-11-13 08:51:44,364 [Worker-4: Building workspace] INFO  o.e.m.c.i.embedder.EclipseLogger - Copying 1 resource
2024-11-13 08:51:44,406 [Worker-4: Building workspace] INFO  o.e.m.c.i.embedder.EclipseLogger - Copying 1 resource
2024-11-13 08:51:44,432 [Worker-4: Building workspace] INFO  o.e.m.c.i.embedder.EclipseLogger - Using 'UTF-8' encoding to copy filtered resources.
2024-11-13 08:51:44,433 [Worker-4: Building workspace] INFO  o.e.m.c.i.embedder.EclipseLogger - skip non existing resourceDirectory C:\Rays Software\Workspace\p10Normal\projectORS\src\test\resources
2024-11-13 08:51:44,998 [Start Help Server] INFO  o.e.j.server.handler.ContextHandler - Started o.e.j.s.ServletContextHandler@7dfa6653{/help,null,AVAILABLE}
2024-11-13 08:51:45,044 [Start Help Server] INFO  o.e.jetty.server.AbstractConnector - Started ServerConnector@5962e3b0{HTTP/1.1,[http/1.1]}{127.0.0.1:49839}
2024-11-13 08:51:45,045 [Start Help Server] INFO  org.eclipse.jetty.server.Server - Started @57193ms
2024-11-13 08:51:45,045 [Start Help Server] INFO  org.eclipse.jetty.server.session - node0 Scavenging every 600000ms
2024-11-13 08:56:35,250 [Worker-7: Building workspace] INFO  o.e.m.c.i.embedder.EclipseLogger - Using 'UTF-8' encoding to copy filtered resources.
2024-11-13 08:56:35,255 [Worker-7: Building workspace] INFO  o.e.m.c.i.embedder.EclipseLogger - Copying 1 resource
2024-11-13 08:56:35,264 [Worker-7: Building workspace] INFO  o.e.m.c.i.embedder.EclipseLogger - Copying 0 resource
2024-11-13 08:56:35,268 [Worker-7: Building workspace] INFO  o.e.m.c.i.embedder.EclipseLogger - Using 'UTF-8' encoding to copy filtered resources.
2024-11-13 08:56:35,268 [Worker-7: Building workspace] INFO  o.e.m.c.i.embedder.EclipseLogger - skip non existing resourceDirectory C:\Rays Software\Workspace\p10Normal\projectORS\src\test\resources
2024-11-13 12:14:08,443 [Worker-2: Loading available Gradle versions] INFO  o.e.b.c.i.u.g.PublishedGradleVersions - Gradle version information cache is out-of-date. Trying to update.
2024-11-14 17:25:40,048 [Worker-5: Loading available Gradle versions] INFO  o.e.b.c.i.u.g.PublishedGradleVersions - Gradle version information cache is up-to-date. Trying to read.
2024-11-14 17:26:02,663 [Worker-1: Launching ProjectOrsApplication] INFO  o.e.m.c.i.embedder.EclipseLogger - Using 'UTF-8' encoding to copy filtered resources.
2024-11-14 17:26:02,670 [Worker-1: Launching ProjectOrsApplication] INFO  o.e.m.c.i.embedder.EclipseLogger - Copying 1 resource
2024-11-14 17:26:02,730 [Worker-1: Launching ProjectOrsApplication] INFO  o.e.m.c.i.embedder.EclipseLogger - Copying 1 resource
2024-11-14 17:26:02,776 [Worker-1: Launching ProjectOrsApplication] INFO  o.e.m.c.i.embedder.EclipseLogger - Using 'UTF-8' encoding to copy filtered resources.
2024-11-14 17:26:02,776 [Worker-1: Launching ProjectOrsApplication] INFO  o.e.m.c.i.embedder.EclipseLogger - skip non existing resourceDirectory C:\Rays Software\Workspace\p10Normal\projectORS\src\test\resources
2024-11-14 18:17:36,524 [Worker-21: Building workspace] INFO  o.e.m.c.i.embedder.EclipseLogger - Using 'UTF-8' encoding to copy filtered resources.
2024-11-14 18:17:36,688 [Worker-21: Building workspace] INFO  o.e.m.c.i.embedder.EclipseLogger - Copying 1 resource
2024-11-14 18:17:36,696 [Worker-21: Building workspace] INFO  o.e.m.c.i.embedder.EclipseLogger - Copying 1 resource
2024-11-14 18:17:36,707 [Worker-21: Building workspace] INFO  o.e.m.c.i.embedder.EclipseLogger - Using 'UTF-8' encoding to copy filtered resources.
2024-11-14 18:17:36,707 [Worker-21: Building workspace] INFO  o.e.m.c.i.embedder.EclipseLogger - skip non existing resourceDirectory C:\Rays Software\Workspace\p10Normal\projectORS\src\test\resources
2024-11-17 21:19:58,686 [Worker-4: Loading available Gradle versions] INFO  o.e.b.c.i.u.g.PublishedGradleVersions - Gradle version information cache is out-of-date. Trying to update.
2024-12-20 12:17:01,138 [Worker-6: Loading available Gradle versions] INFO  o.e.b.c.i.u.g.PublishedGradleVersions - Gradle version information cache is up-to-date. Trying to read.
2024-12-20 12:17:12,757 [Worker-2: Building workspace] INFO  o.e.m.c.i.e.AbstractTransferListenerAdapter - Downloaded https://repo.maven.apache.org/maven2/org/springframework/boot/spring-boot-starter-parent/2.1.2.RELEASE/spring-boot-starter-parent-2.1.2.RELEASE.pom
2025-01-16 00:47:56,506 [Worker-4: Loading available Gradle versions] INFO  o.e.b.c.i.u.g.PublishedGradleVersions - Gradle version information cache is out-of-date. Trying to update.
2025-01-16 00:48:13,413 [Worker-5: Building workspace] INFO  o.e.m.c.i.e.AbstractTransferListenerAdapter - Downloading https://repo.maven.apache.org/maven2/org/springframework/boot/spring-boot-starter-actuator/2.1.2.RELEASE/spring-boot-starter-actuator-2.1.2.RELEASE.pom
2025-01-16 00:48:13,466 [Worker-5: Building workspace] INFO  o.e.m.c.i.e.AbstractTransferListenerAdapter - Downloaded https://repo.maven.apache.org/maven2/org/springframework/boot/spring-boot-starter-actuator/2.1.2.RELEASE/spring-boot-starter-actuator-2.1.2.RELEASE.pom
2025-01-16 00:48:13,936 [Worker-5: Building workspace] INFO  o.e.m.c.i.e.AbstractTransferListenerAdapter - Downloading https://repo.maven.apache.org/maven2/org/springframework/boot/spring-boot-actuator-autoconfigure/2.1.2.RELEASE/spring-boot-actuator-autoconfigure-2.1.2.RELEASE.pom
2025-01-16 00:48:13,985 [Worker-5: Building workspace] INFO  o.e.m.c.i.e.AbstractTransferListenerAdapter - Downloaded https://repo.maven.apache.org/maven2/org/springframework/boot/spring-boot-actuator-autoconfigure/2.1.2.RELEASE/spring-boot-actuator-autoconfigure-2.1.2.RELEASE.pom
2025-01-16 00:48:14,019 [Worker-5: Building workspace] INFO  o.e.m.c.i.e.AbstractTransferListenerAdapter - Downloading https://repo.maven.apache.org/maven2/org/springframework/boot/spring-boot-actuator/2.1.2.RELEASE/spring-boot-actuator-2.1.2.RELEASE.pom
2025-01-16 00:48:14,048 [Worker-5: Building workspace] INFO  o.e.m.c.i.e.AbstractTransferListenerAdapter - Downloaded https://repo.maven.apache.org/maven2/org/springframework/boot/spring-boot-actuator/2.1.2.RELEASE/spring-boot-actuator-2.1.2.RELEASE.pom
2025-01-16 00:48:14,130 [Worker-5: Building workspace] INFO  o.e.m.c.i.e.AbstractTransferListenerAdapter - Downloading https://repo.maven.apache.org/maven2/io/micrometer/micrometer-core/1.1.2/micrometer-core-1.1.2.pom
2025-01-16 00:48:14,161 [Worker-5: Building workspace] INFO  o.e.m.c.i.e.AbstractTransferListenerAdapter - Downloaded https://repo.maven.apache.org/maven2/io/micrometer/micrometer-core/1.1.2/micrometer-core-1.1.2.pom
2025-01-16 00:48:14,185 [Worker-5: Building workspace] INFO  o.e.m.c.i.e.AbstractTransferListenerAdapter - Downloading https://repo.maven.apache.org/maven2/org/hdrhistogram/HdrHistogram/2.1.9/HdrHistogram-2.1.9.pom
2025-01-16 00:48:14,211 [Worker-5: Building workspace] INFO  o.e.m.c.i.e.AbstractTransferListenerAdapter - Downloaded https://repo.maven.apache.org/maven2/org/hdrhistogram/HdrHistogram/2.1.9/HdrHistogram-2.1.9.pom
2025-01-16 00:48:14,236 [Worker-5: Building workspace] INFO  o.e.m.c.i.e.AbstractTransferListenerAdapter - Downloading https://repo.maven.apache.org/maven2/org/latencyutils/LatencyUtils/2.0.3/LatencyUtils-2.0.3.pom
2025-01-16 00:48:14,259 [Worker-5: Building workspace] INFO  o.e.m.c.i.e.AbstractTransferListenerAdapter - Downloaded https://repo.maven.apache.org/maven2/org/latencyutils/LatencyUtils/2.0.3/LatencyUtils-2.0.3.pom
2025-01-16 00:48:14,710 [Worker-5: Building workspace] INFO  o.e.m.c.i.e.AbstractTransferListenerAdapter - Downloading https://repo.maven.apache.org/maven2/org/springframework/boot/spring-boot-starter-security/2.1.2.RELEASE/spring-boot-starter-security-2.1.2.RELEASE.pom
2025-01-16 00:48:14,733 [Worker-5: Building workspace] INFO  o.e.m.c.i.e.AbstractTransferListenerAdapter - Downloaded https://repo.maven.apache.org/maven2/org/springframework/boot/spring-boot-starter-security/2.1.2.RELEASE/spring-boot-starter-security-2.1.2.RELEASE.pom
2025-01-16 00:48:14,776 [Worker-5: Building workspace] INFO  o.e.m.c.i.e.AbstractTransferListenerAdapter - Downloading https://repo.maven.apache.org/maven2/org/springframework/security/spring-security-config/5.1.3.RELEASE/spring-security-config-5.1.3.RELEASE.pom
2025-01-16 00:48:14,805 [Worker-5: Building workspace] INFO  o.e.m.c.i.e.AbstractTransferListenerAdapter - Downloaded https://repo.maven.apache.org/maven2/org/springframework/security/spring-security-config/5.1.3.RELEASE/spring-security-config-5.1.3.RELEASE.pom
2025-01-16 00:48:14,833 [Worker-5: Building workspace] INFO  o.e.m.c.i.e.AbstractTransferListenerAdapter - Downloading https://repo.maven.apache.org/maven2/org/springframework/security/spring-security-core/5.1.3.RELEASE/spring-security-core-5.1.3.RELEASE.pom
2025-01-16 00:48:14,857 [Worker-5: Building workspace] INFO  o.e.m.c.i.e.AbstractTransferListenerAdapter - Downloaded https://repo.maven.apache.org/maven2/org/springframework/security/spring-security-core/5.1.3.RELEASE/spring-security-core-5.1.3.RELEASE.pom
2025-01-16 00:48:14,884 [Worker-5: Building workspace] INFO  o.e.m.c.i.e.AbstractTransferListenerAdapter - Downloading https://repo.maven.apache.org/maven2/org/springframework/security/spring-security-web/5.1.3.RELEASE/spring-security-web-5.1.3.RELEASE.pom
2025-01-16 00:48:14,921 [Worker-5: Building workspace] INFO  o.e.m.c.i.e.AbstractTransferListenerAdapter - Downloaded https://repo.maven.apache.org/maven2/org/springframework/security/spring-security-web/5.1.3.RELEASE/spring-security-web-5.1.3.RELEASE.pom
2025-01-16 00:48:15,386 [Worker-5: Building workspace] INFO  o.e.m.c.i.e.AbstractTransferListenerAdapter - Downloading https://repo.maven.apache.org/maven2/c3p0/c3p0/0.9.1.2/c3p0-0.9.1.2.pom
2025-01-16 00:48:15,414 [Worker-5: Building workspace] INFO  o.e.m.c.i.e.AbstractTransferListenerAdapter - Downloaded https://repo.maven.apache.org/maven2/c3p0/c3p0/0.9.1.2/c3p0-0.9.1.2.pom
2025-01-16 00:48:16,141 [Worker-5: Building workspace] INFO  o.e.m.c.i.e.AbstractTransferListenerAdapter - Downloading https://repo.maven.apache.org/maven2/org/springframework/boot/spring-boot-starter-mail/2.1.2.RELEASE/spring-boot-starter-mail-2.1.2.RELEASE.pom
2025-01-16 00:48:16,169 [Worker-5: Building workspace] INFO  o.e.m.c.i.e.AbstractTransferListenerAdapter - Downloaded https://repo.maven.apache.org/maven2/org/springframework/boot/spring-boot-starter-mail/2.1.2.RELEASE/spring-boot-starter-mail-2.1.2.RELEASE.pom
2025-01-16 00:48:16,198 [Worker-5: Building workspace] INFO  o.e.m.c.i.e.AbstractTransferListenerAdapter - Downloading https://repo.maven.apache.org/maven2/org/springframework/spring-context-support/5.1.4.RELEASE/spring-context-support-5.1.4.RELEASE.pom
2025-01-16 00:48:16,229 [Worker-5: Building workspace] INFO  o.e.m.c.i.e.AbstractTransferListenerAdapter - Downloaded https://repo.maven.apache.org/maven2/org/springframework/spring-context-support/5.1.4.RELEASE/spring-context-support-5.1.4.RELEASE.pom
2025-01-16 00:48:16,258 [Worker-5: Building workspace] INFO  o.e.m.c.i.e.AbstractTransferListenerAdapter - Downloading https://repo.maven.apache.org/maven2/com/sun/mail/javax.mail/1.6.2/javax.mail-1.6.2.pom
2025-01-16 00:48:16,292 [Worker-5: Building workspace] INFO  o.e.m.c.i.e.AbstractTransferListenerAdapter - Downloaded https://repo.maven.apache.org/maven2/com/sun/mail/javax.mail/1.6.2/javax.mail-1.6.2.pom
2025-01-16 00:48:16,319 [Worker-5: Building workspace] INFO  o.e.m.c.i.e.AbstractTransferListenerAdapter - Downloading https://repo.maven.apache.org/maven2/com/sun/mail/all/1.6.2/all-1.6.2.pom
2025-01-16 00:48:16,365 [Worker-5: Building workspace] INFO  o.e.m.c.i.e.AbstractTransferListenerAdapter - Downloaded https://repo.maven.apache.org/maven2/com/sun/mail/all/1.6.2/all-1.6.2.pom
2025-01-16 00:48:16,454 [Worker-5: Building workspace] INFO  o.e.m.c.i.e.AbstractTransferListenerAdapter - Downloading https://repo.maven.apache.org/maven2/net/sf/jasperreports/jasperreports/6.11.0/jasperreports-6.11.0.pom
2025-01-16 00:48:16,499 [Worker-5: Building workspace] INFO  o.e.m.c.i.e.AbstractTransferListenerAdapter - Downloaded https://repo.maven.apache.org/maven2/net/sf/jasperreports/jasperreports/6.11.0/jasperreports-6.11.0.pom
2025-01-16 00:48:16,724 [Worker-5: Building workspace] INFO  o.e.m.c.i.e.AbstractTransferListenerAdapter - Downloading https://repo.maven.apache.org/maven2/org/eclipse/jdt/core/compiler/ecj/4.4.2/ecj-4.4.2.pom
2025-01-16 00:48:16,755 [Worker-5: Building workspace] INFO  o.e.m.c.i.e.AbstractTransferListenerAdapter - Downloaded https://repo.maven.apache.org/maven2/org/eclipse/jdt/core/compiler/ecj/4.4.2/ecj-4.4.2.pom
2025-01-16 00:48:17,308 [Worker-5: Building workspace] INFO  o.e.m.c.i.e.AbstractTransferListenerAdapter - Downloading https://repo.maven.apache.org/maven2/org/springframework/boot/spring-boot-starter-actuator/2.1.2.RELEASE/spring-boot-starter-actuator-2.1.2.RELEASE.jar
2025-01-16 00:48:17,331 [Worker-5: Building workspace] INFO  o.e.m.c.i.e.AbstractTransferListenerAdapter - Downloaded https://repo.maven.apache.org/maven2/org/springframework/boot/spring-boot-starter-actuator/2.1.2.RELEASE/spring-boot-starter-actuator-2.1.2.RELEASE.jar
2025-01-16 00:48:17,350 [Worker-5: Building workspace] INFO  o.e.m.c.i.e.AbstractTransferListenerAdapter - Downloading https://repo.maven.apache.org/maven2/org/springframework/boot/spring-boot-actuator-autoconfigure/2.1.2.RELEASE/spring-boot-actuator-autoconfigure-2.1.2.RELEASE.jar
2025-01-16 00:48:17,445 [Worker-5: Building workspace] INFO  o.e.m.c.i.e.AbstractTransferListenerAdapter - Downloaded https://repo.maven.apache.org/maven2/org/springframework/boot/spring-boot-actuator-autoconfigure/2.1.2.RELEASE/spring-boot-actuator-autoconfigure-2.1.2.RELEASE.jar
2025-01-16 00:48:17,473 [Worker-5: Building workspace] INFO  o.e.m.c.i.e.AbstractTransferListenerAdapter - Downloading https://repo.maven.apache.org/maven2/org/springframework/boot/spring-boot-actuator/2.1.2.RELEASE/spring-boot-actuator-2.1.2.RELEASE.jar
2025-01-16 00:48:17,533 [Worker-5: Building workspace] INFO  o.e.m.c.i.e.AbstractTransferListenerAdapter - Downloaded https://repo.maven.apache.org/maven2/org/springframework/boot/spring-boot-actuator/2.1.2.RELEASE/spring-boot-actuator-2.1.2.RELEASE.jar
2025-01-16 00:48:17,576 [Worker-5: Building workspace] INFO  o.e.m.c.i.e.AbstractTransferListenerAdapter - Downloading https://repo.maven.apache.org/maven2/io/micrometer/micrometer-core/1.1.2/micrometer-core-1.1.2.jar
2025-01-16 00:48:17,719 [Worker-5: Building workspace] INFO  o.e.m.c.i.e.AbstractTransferListenerAdapter - Downloaded https://repo.maven.apache.org/maven2/io/micrometer/micrometer-core/1.1.2/micrometer-core-1.1.2.jar
2025-01-16 00:48:17,759 [Worker-5: Building workspace] INFO  o.e.m.c.i.e.AbstractTransferListenerAdapter - Downloading https://repo.maven.apache.org/maven2/org/hdrhistogram/HdrHistogram/2.1.9/HdrHistogram-2.1.9.jar
2025-01-16 00:48:17,918 [Worker-5: Building workspace] INFO  o.e.m.c.i.e.AbstractTransferListenerAdapter - Downloaded https://repo.maven.apache.org/maven2/org/hdrhistogram/HdrHistogram/2.1.9/HdrHistogram-2.1.9.jar
2025-01-16 00:48:17,954 [Worker-5: Building workspace] INFO  o.e.m.c.i.e.AbstractTransferListenerAdapter - Downloading https://repo.maven.apache.org/maven2/org/latencyutils/LatencyUtils/2.0.3/LatencyUtils-2.0.3.jar
2025-01-16 00:48:18,222 [Worker-5: Building workspace] INFO  o.e.m.c.i.e.AbstractTransferListenerAdapter - Downloaded https://repo.maven.apache.org/maven2/org/latencyutils/LatencyUtils/2.0.3/LatencyUtils-2.0.3.jar
2025-01-16 00:48:18,246 [Worker-5: Building workspace] INFO  o.e.m.c.i.e.AbstractTransferListenerAdapter - Downloading https://repo.maven.apache.org/maven2/org/springframework/boot/spring-boot-starter-security/2.1.2.RELEASE/spring-boot-starter-security-2.1.2.RELEASE.jar
2025-01-16 00:48:18,362 [Worker-5: Building workspace] INFO  o.e.m.c.i.e.AbstractTransferListenerAdapter - Downloaded https://repo.maven.apache.org/maven2/org/springframework/boot/spring-boot-starter-security/2.1.2.RELEASE/spring-boot-starter-security-2.1.2.RELEASE.jar
2025-01-16 00:48:18,396 [Worker-5: Building workspace] INFO  o.e.m.c.i.e.AbstractTransferListenerAdapter - Downloading https://repo.maven.apache.org/maven2/org/springframework/security/spring-security-config/5.1.3.RELEASE/spring-security-config-5.1.3.RELEASE.jar
2025-01-16 00:48:18,603 [Worker-5: Building workspace] INFO  o.e.m.c.i.e.AbstractTransferListenerAdapter - Downloaded https://repo.maven.apache.org/maven2/org/springframework/security/spring-security-config/5.1.3.RELEASE/spring-security-config-5.1.3.RELEASE.jar
2025-01-16 00:48:18,639 [Worker-5: Building workspace] INFO  o.e.m.c.i.e.AbstractTransferListenerAdapter - Downloading https://repo.maven.apache.org/maven2/org/springframework/security/spring-security-core/5.1.3.RELEASE/spring-security-core-5.1.3.RELEASE.jar
2025-01-16 00:48:18,742 [Worker-5: Building workspace] INFO  o.e.m.c.i.e.AbstractTransferListenerAdapter - Downloaded https://repo.maven.apache.org/maven2/org/springframework/security/spring-security-core/5.1.3.RELEASE/spring-security-core-5.1.3.RELEASE.jar
2025-01-16 00:48:18,780 [Worker-5: Building workspace] INFO  o.e.m.c.i.e.AbstractTransferListenerAdapter - Downloading https://repo.maven.apache.org/maven2/org/springframework/security/spring-security-web/5.1.3.RELEASE/spring-security-web-5.1.3.RELEASE.jar
2025-01-16 00:48:18,888 [Worker-5: Building workspace] INFO  o.e.m.c.i.e.AbstractTransferListenerAdapter - Downloaded https://repo.maven.apache.org/maven2/org/springframework/security/spring-security-web/5.1.3.RELEASE/spring-security-web-5.1.3.RELEASE.jar
2025-01-16 00:48:18,919 [Worker-5: Building workspace] INFO  o.e.m.c.i.e.AbstractTransferListenerAdapter - Downloading https://repo.maven.apache.org/maven2/c3p0/c3p0/0.9.1.2/c3p0-0.9.1.2.jar
2025-01-16 00:48:19,096 [Worker-5: Building workspace] INFO  o.e.m.c.i.e.AbstractTransferListenerAdapter - Downloaded https://repo.maven.apache.org/maven2/c3p0/c3p0/0.9.1.2/c3p0-0.9.1.2.jar
2025-01-16 00:48:19,117 [Worker-5: Building workspace] INFO  o.e.m.c.i.e.AbstractTransferListenerAdapter - Downloading https://repo.maven.apache.org/maven2/org/springframework/boot/spring-boot-starter-mail/2.1.2.RELEASE/spring-boot-starter-mail-2.1.2.RELEASE.jar
2025-01-16 00:48:19,159 [Worker-5: Building workspace] INFO  o.e.m.c.i.e.AbstractTransferListenerAdapter - Downloaded https://repo.maven.apache.org/maven2/org/springframework/boot/spring-boot-starter-mail/2.1.2.RELEASE/spring-boot-starter-mail-2.1.2.RELEASE.jar
2025-01-16 00:48:19,185 [Worker-5: Building workspace] INFO  o.e.m.c.i.e.AbstractTransferListenerAdapter - Downloading https://repo.maven.apache.org/maven2/org/springframework/spring-context-support/5.1.4.RELEASE/spring-context-support-5.1.4.RELEASE.jar
2025-01-16 00:48:19,234 [Worker-5: Building workspace] INFO  o.e.m.c.i.e.AbstractTransferListenerAdapter - Downloaded https://repo.maven.apache.org/maven2/org/springframework/spring-context-support/5.1.4.RELEASE/spring-context-support-5.1.4.RELEASE.jar
2025-01-16 00:48:19,256 [Worker-5: Building workspace] INFO  o.e.m.c.i.e.AbstractTransferListenerAdapter - Downloading https://repo.maven.apache.org/maven2/com/sun/mail/javax.mail/1.6.2/javax.mail-1.6.2.jar
2025-01-16 00:48:19,337 [Worker-5: Building workspace] INFO  o.e.m.c.i.e.AbstractTransferListenerAdapter - Downloaded https://repo.maven.apache.org/maven2/com/sun/mail/javax.mail/1.6.2/javax.mail-1.6.2.jar
2025-01-16 00:48:19,362 [Worker-5: Building workspace] INFO  o.e.m.c.i.e.AbstractTransferListenerAdapter - Downloading https://repo.maven.apache.org/maven2/net/sf/jasperreports/jasperreports/6.11.0/jasperreports-6.11.0.jar
2025-01-16 00:48:20,102 [Worker-5: Building workspace] INFO  o.e.m.c.i.e.AbstractTransferListenerAdapter - Downloaded https://repo.maven.apache.org/maven2/net/sf/jasperreports/jasperreports/6.11.0/jasperreports-6.11.0.jar
2025-01-16 00:48:20,125 [Worker-5: Building workspace] INFO  o.e.m.c.i.e.AbstractTransferListenerAdapter - Downloading https://repo.maven.apache.org/maven2/org/eclipse/jdt/core/compiler/ecj/4.4.2/ecj-4.4.2.jar
2025-01-16 00:48:21,101 [Worker-5: Building workspace] INFO  o.e.m.c.i.e.AbstractTransferListenerAdapter - Downloaded https://repo.maven.apache.org/maven2/org/eclipse/jdt/core/compiler/ecj/4.4.2/ecj-4.4.2.jar
2025-01-16 00:48:28,096 [Worker-5: Building workspace] INFO  o.e.m.c.i.e.AbstractTransferListenerAdapter - Downloading https://repo.maven.apache.org/maven2/org/springframework/boot/spring-boot-maven-plugin/2.1.2.RELEASE/spring-boot-maven-plugin-2.1.2.RELEASE.pom
2025-01-16 00:48:28,144 [Worker-5: Building workspace] INFO  o.e.m.c.i.e.AbstractTransferListenerAdapter - Downloaded https://repo.maven.apache.org/maven2/org/springframework/boot/spring-boot-maven-plugin/2.1.2.RELEASE/spring-boot-maven-plugin-2.1.2.RELEASE.pom
2025-01-16 00:48:28,410 [Worker-5: Building workspace] INFO  o.e.m.c.i.e.AbstractTransferListenerAdapter - Downloading https://repo.maven.apache.org/maven2/org/springframework/boot/spring-boot-tools/2.1.2.RELEASE/spring-boot-tools-2.1.2.RELEASE.pom
2025-01-16 00:48:28,442 [Worker-5: Building workspace] INFO  o.e.m.c.i.e.AbstractTransferListenerAdapter - Downloaded https://repo.maven.apache.org/maven2/org/springframework/boot/spring-boot-tools/2.1.2.RELEASE/spring-boot-tools-2.1.2.RELEASE.pom
2025-01-16 00:48:28,512 [Worker-5: Building workspace] INFO  o.e.m.c.i.e.AbstractTransferListenerAdapter - Downloading https://repo.maven.apache.org/maven2/org/springframework/boot/spring-boot-maven-plugin/2.1.2.RELEASE/spring-boot-maven-plugin-2.1.2.RELEASE.jar
2025-01-16 00:48:28,571 [Worker-5: Building workspace] INFO  o.e.m.c.i.e.AbstractTransferListenerAdapter - Downloaded https://repo.maven.apache.org/maven2/org/springframework/boot/spring-boot-maven-plugin/2.1.2.RELEASE/spring-boot-maven-plugin-2.1.2.RELEASE.jar
2025-01-16 00:48:28,848 [Worker-5: Building workspace] INFO  o.e.m.c.i.e.AbstractTransferListenerAdapter - Downloading https://repo.maven.apache.org/maven2/org/apache/maven/plugins/maven-jar-plugin/3.1.1/maven-jar-plugin-3.1.1.pom
2025-01-16 00:48:28,899 [Worker-5: Building workspace] INFO  o.e.m.c.i.e.AbstractTransferListenerAdapter - Downloaded https://repo.maven.apache.org/maven2/org/apache/maven/plugins/maven-jar-plugin/3.1.1/maven-jar-plugin-3.1.1.pom
2025-01-16 00:48:29,005 [Worker-5: Building workspace] INFO  o.e.m.c.i.e.AbstractTransferListenerAdapter - Downloading https://repo.maven.apache.org/maven2/org/apache/maven/plugins/maven-jar-plugin/3.1.1/maven-jar-plugin-3.1.1.jar
2025-01-16 00:48:29,057 [Worker-5: Building workspace] INFO  o.e.m.c.i.e.AbstractTransferListenerAdapter - Downloaded https://repo.maven.apache.org/maven2/org/apache/maven/plugins/maven-jar-plugin/3.1.1/maven-jar-plugin-3.1.1.jar
2025-01-16 00:48:31,390 [Worker-5: Building workspace] INFO  o.e.m.c.i.embedder.EclipseLogger - Using 'UTF-8' encoding to copy filtered resources.
2025-01-16 00:48:31,414 [Worker-5: Building workspace] INFO  o.e.m.c.i.embedder.EclipseLogger - Copying 1 resource
2025-01-16 00:48:31,494 [Worker-5: Building workspace] INFO  o.e.m.c.i.embedder.EclipseLogger - Copying 1 resource
2025-01-16 00:48:31,525 [Worker-5: Building workspace] INFO  o.e.m.c.i.embedder.EclipseLogger - Using 'UTF-8' encoding to copy filtered resources.
2025-01-16 00:48:31,526 [Worker-5: Building workspace] INFO  o.e.m.c.i.embedder.EclipseLogger - skip non existing resourceDirectory C:\Rays Software\Workspace\p10Normal\projectORS\src\test\resources
2025-01-16 00:48:32,287 [Worker-5: Building workspace] INFO  o.e.m.c.i.e.AbstractTransferListenerAdapter - Downloading https://repo.maven.apache.org/maven2/org/apache/maven/maven-archiver/3.3.0/maven-archiver-3.3.0.pom
2025-01-16 00:48:32,319 [Worker-5: Building workspace] INFO  o.e.m.c.i.e.AbstractTransferListenerAdapter - Downloaded https://repo.maven.apache.org/maven2/org/apache/maven/maven-archiver/3.3.0/maven-archiver-3.3.0.pom
2025-01-16 00:48:32,743 [Worker-5: Building workspace] INFO  o.e.m.c.i.e.AbstractTransferListenerAdapter - Downloading https://repo.maven.apache.org/maven2/org/codehaus/plexus/plexus-archiver/3.7.0/plexus-archiver-3.7.0.pom
2025-01-16 00:48:32,785 [Worker-5: Building workspace] INFO  o.e.m.c.i.e.AbstractTransferListenerAdapter - Downloaded https://repo.maven.apache.org/maven2/org/codehaus/plexus/plexus-archiver/3.7.0/plexus-archiver-3.7.0.pom
2025-01-16 00:48:32,827 [Worker-5: Building workspace] INFO  o.e.m.c.i.e.AbstractTransferListenerAdapter - Downloading https://repo.maven.apache.org/maven2/org/codehaus/plexus/plexus-io/3.1.0/plexus-io-3.1.0.pom
2025-01-16 00:48:32,874 [Worker-5: Building workspace] INFO  o.e.m.c.i.e.AbstractTransferListenerAdapter - Downloaded https://repo.maven.apache.org/maven2/org/codehaus/plexus/plexus-io/3.1.0/plexus-io-3.1.0.pom
2025-01-16 00:48:32,916 [Worker-5: Building workspace] INFO  o.e.m.c.i.e.AbstractTransferListenerAdapter - Downloading https://repo.maven.apache.org/maven2/org/apache/commons/commons-compress/1.18/commons-compress-1.18.pom
2025-01-16 00:48:33,005 [Worker-5: Building workspace] INFO  o.e.m.c.i.e.AbstractTransferListenerAdapter - Downloaded https://repo.maven.apache.org/maven2/org/apache/commons/commons-compress/1.18/commons-compress-1.18.pom
2025-01-16 00:48:33,764 [Worker-5: Building workspace] INFO  o.e.m.c.i.e.AbstractTransferListenerAdapter - Downloading https://repo.maven.apache.org/maven2/org/apache/maven/maven-archiver/3.3.0/maven-archiver-3.3.0.jar
2025-01-16 00:48:33,827 [Worker-5: Building workspace] INFO  o.e.m.c.i.e.AbstractTransferListenerAdapter - Downloaded https://repo.maven.apache.org/maven2/org/apache/maven/maven-archiver/3.3.0/maven-archiver-3.3.0.jar
2025-01-16 00:48:33,853 [Worker-5: Building workspace] INFO  o.e.m.c.i.e.AbstractTransferListenerAdapter - Downloading https://repo.maven.apache.org/maven2/org/codehaus/plexus/plexus-archiver/3.7.0/plexus-archiver-3.7.0.jar
2025-01-16 00:48:33,918 [Worker-5: Building workspace] INFO  o.e.m.c.i.e.AbstractTransferListenerAdapter - Downloaded https://repo.maven.apache.org/maven2/org/codehaus/plexus/plexus-archiver/3.7.0/plexus-archiver-3.7.0.jar
2025-01-16 00:48:33,936 [Worker-5: Building workspace] INFO  o.e.m.c.i.e.AbstractTransferListenerAdapter - Downloading https://repo.maven.apache.org/maven2/org/codehaus/plexus/plexus-io/3.1.0/plexus-io-3.1.0.jar
2025-01-16 00:48:33,970 [Worker-5: Building workspace] INFO  o.e.m.c.i.e.AbstractTransferListenerAdapter - Downloaded https://repo.maven.apache.org/maven2/org/codehaus/plexus/plexus-io/3.1.0/plexus-io-3.1.0.jar
2025-01-16 00:48:33,995 [Worker-5: Building workspace] INFO  o.e.m.c.i.e.AbstractTransferListenerAdapter - Downloading https://repo.maven.apache.org/maven2/org/apache/commons/commons-compress/1.18/commons-compress-1.18.jar
2025-01-16 00:48:34,135 [Worker-5: Building workspace] INFO  o.e.m.c.i.e.AbstractTransferListenerAdapter - Downloaded https://repo.maven.apache.org/maven2/org/apache/commons/commons-compress/1.18/commons-compress-1.18.jar
2025-01-16 00:49:56,013 [Worker-0: Loading available Gradle versions] INFO  o.e.b.c.i.u.g.PublishedGradleVersions - Gradle version information cache is up-to-date. Trying to read.
2025-01-16 00:50:10,989 [Worker-0: Building workspace] INFO  o.e.m.c.i.embedder.EclipseLogger - Using 'UTF-8' encoding to copy filtered resources.
2025-01-16 00:50:10,994 [Worker-0: Building workspace] INFO  o.e.m.c.i.embedder.EclipseLogger - Copying 1 resource
2025-01-16 00:50:11,015 [Worker-0: Building workspace] INFO  o.e.m.c.i.embedder.EclipseLogger - Copying 1 resource
2025-01-16 00:50:11,027 [Worker-0: Building workspace] INFO  o.e.m.c.i.embedder.EclipseLogger - Using 'UTF-8' encoding to copy filtered resources.
2025-01-16 00:50:11,027 [Worker-0: Building workspace] INFO  o.e.m.c.i.embedder.EclipseLogger - skip non existing resourceDirectory C:\Rays Software\Workspace\p10Normal\projectORS\src\test\resources
